Season,Team,Region,Seed
1985,1207,East,1
1985,1210,East,2
1985,1228,East,3
1985,1260,East,4
1985,1374,East,5
1985,1208,East,6
1985,1393,East,7
1985,1396,East,8
1985,1439,East,9
1985,1177,East,10
1985,1455,East,11
1985,1330,East,12
1985,1233,East,13
1985,1318,East,14
1985,1273,East,15
1985,1250,East,16
1985,1385,West,1
1985,1433,West,2
1985,1301,West,3
1985,1424,West,4
1985,1449,West,5
1985,1409,West,6
1985,1104,West,7
1985,1234,West,8
1985,1116,West,9
1985,1112,West,10
1985,1431,West,11
1985,1246,West,12
1985,1361,West,13
1985,1305,West,14
1985,1267,West,15
1985,1380,West,16
1985,1328,Midwest,1
1985,1272,Midwest,2
1985,1181,Midwest,3
1985,1326,Midwest,4
1985,1256,Midwest,5
1985,1403,Midwest,6
1985,1412,Midwest,7
1985,1425,Midwest,8
1985,1229,Midwest,9
1985,1277,Midwest,10
1985,1130,Midwest,11
1985,1338,Midwest,12
1985,1235,Midwest,13
1985,1337,Midwest,14
1985,1335,Midwest,15
1985,1299,Midwest,16
1985,1276,Southeast,1
1985,1314,Southeast,2
1985,1242,Southeast,3
1985,1261,Southeast,4
1985,1268,Southeast,5
1985,1345,Southeast,6
1985,1323,Southeast,7
1985,1437,Southeast,8
1985,1173,Southeast,9
1985,1333,Southeast,10
1985,1120,Southeast,11
1985,1275,Southeast,12
1985,1298,Southeast,13
1985,1325,Southeast,14
1985,1292,Southeast,15
1985,1192,Southeast,16
1986,1181,East,1
1986,1393,East,2
1986,1231,East,3
1986,1328,East,4
1986,1438,East,5
1986,1386,East,6
1986,1298,East,7
1986,1330,East,8
1986,1452,East,9
1986,1409,East,10
1986,1350,East,11
1986,1177,East,12
1986,1318,East,13
1986,1156,East,14
1986,1135,East,15
1986,1290,East,16
1986,1242,Midwest,1
1986,1276,Midwest,2
1986,1323,Midwest,3
1986,1207,Midwest,4
1986,1277,Midwest,5
1986,1301,Midwest,6
1986,1235,Midwest,7
1986,1239,Midwest,8
1986,1396,Midwest,9
1986,1275,Midwest,10
1986,1234,Midwest,11
1986,1449,Midwest,12
1986,1403,Midwest,13
1986,1114,Midwest,14
1986,1103,Midwest,15
1986,1299,Midwest,16
1986,1246,Southeast,1
1986,1210,Southeast,2
1986,1272,Southeast,3
1986,1228,Southeast,4
1986,1104,Southeast,5
1986,1345,Southeast,6
1986,1439,Southeast,7
1986,1443,Southeast,8
1986,1304,Southeast,9
1986,1437,Southeast,10
1986,1261,Southeast,11
1986,1462,Southeast,12
1986,1193,Southeast,13
1986,1123,Southeast,14
1986,1265,Southeast,15
1986,1172,Southeast,16
1986,1385,West,1
1986,1257,West,2
1986,1314,West,3
1986,1424,West,4
1986,1268,West,5
1986,1412,West,6
1986,1133,West,7
1986,1120,West,8
1986,1112,West,9
1986,1431,West,10
1986,1281,West,11
1986,1337,West,12
1986,1419,West,13
1986,1428,West,14
1986,1180,West,15
1986,1286,West,16
1987,1314,East,1
1987,1393,East,2
1987,1345,East,3
1987,1395,East,4
1987,1323,East,5
1987,1196,East,6
1987,1452,East,7
1987,1298,East,8
1987,1276,East,9
1987,1443,East,10
1987,1301,East,11
1987,1292,East,12
1987,1267,East,13
1987,1318,East,14
1987,1204,East,15
1987,1335,East,16
1987,1207,Southeast,1
1987,1104,Southeast,2
1987,1228,Southeast,3
1987,1155,Southeast,4
1987,1242,Southeast,5
1987,1344,Southeast,6
1987,1309,Southeast,7
1987,1246,Southeast,8
1987,1326,Southeast,9
1987,1140,Southeast,10
1987,1412,Southeast,11
1987,1222,Southeast,12
1987,1283,Southeast,13
1987,1122,Southeast,14
1987,1299,Southeast,15
1987,1137,Southeast,16
1987,1231,Midwest,1
1987,1396,Midwest,2
1987,1177,Midwest,3
1987,1281,Midwest,4
1987,1181,Midwest,5
1987,1385,Midwest,6
1987,1210,Midwest,7
1987,1120,Midwest,8
1987,1360,Midwest,9
1987,1261,Midwest,10
1987,1455,Midwest,11
1987,1401,Midwest,12
1987,1462,Midwest,13
1987,1256,Midwest,14
1987,1380,Midwest,15
1987,1193,Midwest,16
1987,1424,West,1
1987,1234,West,2
1987,1338,West,3
1987,1417,West,4
1987,1438,West,5
1987,1328,West,6
1987,1431,West,7
1987,1208,West,8
1987,1243,West,9
1987,1112,West,10
1987,1409,West,11
1987,1461,West,12
1987,1141,West,13
1987,1265,West,14
1987,1365,West,15
1987,1226,West,16
1988,1396,East,1
1988,1181,East,2
1988,1393,East,3
1988,1231,East,4
1988,1210,East,5
1988,1281,East,6
1988,1374,East,7
1988,1207,East,8
1988,1261,East,9
1988,1323,East,10
1988,1348,East,11
1988,1235,East,12
1988,1350,East,13
1988,1299,East,14
1988,1131,East,15
1988,1250,East,16
1988,1345,Midwest,1
1988,1338,Midwest,2
1988,1301,Midwest,3
1988,1243,Midwest,4
1988,1177,Midwest,5
1988,1242,Midwest,6
1988,1435,Midwest,7
1988,1124,Midwest,8
1988,1272,Midwest,9
1988,1429,Midwest,10
1988,1462,Midwest,11
1988,1455,Midwest,12
1988,1247,Midwest,13
1988,1293,Midwest,14
1988,1185,Midwest,15
1988,1192,Midwest,16
1988,1328,Southeast,1
1988,1246,Southeast,2
1988,1228,Southeast,3
1988,1140,Southeast,4
1988,1257,Southeast,5
1988,1437,Southeast,6
1988,1268,Southeast,7
1988,1120,Southeast,8
1988,1133,Southeast,9
1988,1364,Southeast,10
1988,1116,Southeast,11
1988,1333,Southeast,12
1988,1150,Southeast,13
1988,1427,Southeast,14
1988,1380,Southeast,15
1988,1151,Southeast,16
1988,1112,West,1
1988,1314,West,2
1988,1276,West,3
1988,1424,West,4
1988,1234,West,5
1988,1196,West,6
1988,1461,West,7
1988,1371,West,8
1988,1431,West,9
1988,1258,West,10
1988,1385,West,11
1988,1199,West,12
1988,1283,West,13
1988,1129,West,14
1988,1317,West,15
1988,1165,West,16
1989,1207,East,1
1989,1181,East,2
1989,1390,East,3
1989,1234,East,4
1989,1301,East,5
1989,1243,East,6
1989,1452,East,7
1989,1435,East,8
1989,1323,East,9
1989,1397,East,10
1989,1278,East,11
1989,1376,East,12
1989,1353,East,13
1989,1373,East,14
1989,1354,East,15
1989,1343,East,16
1989,1112,West,1
1989,1231,West,2
1989,1371,West,3
1989,1424,West,4
1989,1272,West,5
1989,1333,West,6
1989,1431,West,7
1989,1388,West,8
1989,1155,West,9
1989,1261,West,10
1989,1191,West,11
1989,1177,West,12
1989,1225,West,13
1989,1283,West,14
1989,1206,West,15
1989,1352,West,16
1989,1228,Midwest,1
1989,1393,Midwest,2
1989,1281,Midwest,3
1989,1257,Midwest,4
1989,1116,Midwest,5
1989,1210,Midwest,6
1989,1196,Midwest,7
1989,1338,Midwest,8
1989,1123,Midwest,9
1989,1161,Midwest,10
1989,1400,Midwest,11
1989,1258,Midwest,12
1989,1114,Midwest,13
1989,1166,Midwest,14
1989,1137,Midwest,15
1989,1270,Midwest,16
1989,1328,Southeast,1
1989,1314,Southeast,2
1989,1276,Southeast,3
1989,1199,Southeast,4
1989,1438,Southeast,5
1989,1104,Southeast,6
1989,1417,Southeast,7
1989,1247,Southeast,8
1989,1256,Southeast,9
1989,1235,Southeast,10
1989,1375,Southeast,11
1989,1344,Southeast,12
1989,1292,Southeast,13
1989,1462,Southeast,14
1989,1380,Southeast,15
1989,1190,Southeast,16
1990,1163,East,1
1990,1242,East,2
1990,1181,East,3
1990,1247,East,4
1990,1155,East,5
1990,1385,East,6
1990,1417,East,7
1990,1231,East,8
1990,1143,East,9
1990,1412,East,10
1990,1396,East,11
1990,1140,East,12
1990,1379,East,13
1990,1350,East,14
1990,1352,East,15
1990,1131,East,16
1990,1328,Midwest,1
1990,1345,Midwest,2
1990,1207,Midwest,3
1990,1116,Midwest,4
1990,1228,Midwest,5
1990,1462,Midwest,6
1990,1208,Midwest,7
1990,1314,Midwest,8
1990,1283,Midwest,9
1990,1400,Midwest,10
1990,1243,Midwest,11
1990,1173,Midwest,12
1990,1343,Midwest,13
1990,1411,Midwest,14
1990,1419,Midwest,15
1990,1406,Midwest,16
1990,1277,Southeast,1
1990,1393,Southeast,2
1990,1281,Southeast,3
1990,1210,Southeast,4
1990,1261,Southeast,5
1990,1278,Southeast,6
1990,1438,Southeast,7
1990,1222,Southeast,8
1990,1364,Southeast,9
1990,1323,Southeast,10
1990,1431,Southeast,11
1990,1437,Southeast,12
1990,1190,Southeast,13
1990,1320,Southeast,14
1990,1164,Southeast,15
1990,1293,Southeast,16
1990,1424,West,1
1990,1112,West,2
1990,1276,West,3
1990,1257,West,4
1990,1333,West,5
1990,1308,West,6
1990,1104,West,7
1990,1326,West,8
1990,1344,West,9
1990,1161,West,10
1990,1258,West,11
1990,1123,West,12
1990,1225,West,13
1990,1229,West,14
1990,1378,West,15
1990,1114,West,16
1991,1314,East,1
1991,1393,East,2
1991,1329,East,3
1991,1417,East,4
1991,1280,East,5
1991,1301,East,6
1991,1345,East,7
1991,1343,East,8
1991,1437,East,9
1991,1396,East,10
1991,1379,East,11
1991,1185,East,12
1991,1336,East,13
1991,1307,East,14
1991,1350,East,15
1991,1318,East,16
1991,1116,Southeast,1
1991,1231,Southeast,2
1991,1242,Southeast,3
1991,1104,Southeast,4
1991,1448,Southeast,5
1991,1338,Southeast,6
1991,1199,Southeast,7
1991,1113,Southeast,8
1991,1353,Southeast,9
1991,1425,Southeast,10
1991,1208,Southeast,11
1991,1256,Southeast,12
1991,1293,Southeast,13
1991,1309,Southeast,14
1991,1157,Southeast,15
1991,1209,Southeast,16
1991,1326,Midwest,1
1991,1181,Midwest,2
1991,1304,Midwest,3
1991,1385,Midwest,4
1991,1400,Midwest,5
1991,1261,Midwest,6
1991,1234,Midwest,7
1991,1210,Midwest,8
1991,1177,Midwest,9
1991,1190,Midwest,10
1991,1163,Midwest,11
1991,1389,Midwest,12
1991,1296,Midwest,13
1991,1462,Midwest,14
1991,1419,Midwest,15
1991,1406,Midwest,16
1991,1424,West,1
1991,1112,West,2
1991,1371,West,3
1991,1428,West,4
1991,1277,West,5
1991,1308,West,6
1991,1438,West,7
1991,1207,West,8
1991,1435,West,9
1991,1140,West,10
1991,1166,West,11
1991,1453,West,12
1991,1375,West,13
1991,1337,West,14
1991,1384,West,15
1991,1285,West,16
1992,1181,East,1
1992,1246,East,2
1992,1269,East,3
1992,1371,East,4
1992,1281,East,5
1992,1393,East,6
1992,1150,East,7
1992,1400,East,8
1992,1234,East,9
1992,1235,East,10
1992,1343,East,11
1992,1452,East,12
1992,1247,East,13
1992,1200,East,14
1992,1330,East,15
1992,1144,East,16
1992,1417,West,1
1992,1231,West,2
1992,1199,West,3
1992,1328,West,4
1992,1177,West,5
1992,1207,West,6
1992,1261,West,7
1992,1257,West,8
1992,1448,West,9
1992,1140,West,10
1992,1378,West,11
1992,1308,West,12
1992,1418,West,13
1992,1285,West,14
1992,1183,West,15
1992,1352,West,16
1992,1242,Midwest,1
1992,1425,Midwest,2
1992,1116,Midwest,3
1992,1153,Midwest,4
1992,1277,Midwest,5
1992,1272,Midwest,6
1992,1210,Midwest,7
1992,1191,Midwest,8
1992,1431,Midwest,9
1992,1222,Midwest,10
1992,1337,Midwest,11
1992,1283,Midwest,12
1992,1174,Midwest,13
1992,1293,Midwest,14
1992,1419,Midwest,15
1992,1224,Midwest,16
1992,1326,Southeast,1
1992,1329,Southeast,2
1992,1112,Southeast,3
1992,1314,Southeast,4
1992,1104,Southeast,5
1992,1276,Southeast,6
1992,1385,Southeast,7
1992,1304,Southeast,8
1992,1163,Southeast,9
1992,1408,Southeast,10
1992,1396,Southeast,11
1992,1390,Southeast,12
1992,1275,Southeast,13
1992,1190,Southeast,14
1992,1204,Southeast,15
1992,1290,Southeast,16
1993,1314,East,1
1993,1153,East,2
1993,1269,East,3
1993,1116,East,4
1993,1385,East,5
1993,1438,East,6
1993,1308,East,7
1993,1348,East,8
1993,1345,East,9
1993,1304,East,10
1993,1264,East,11
1993,1403,East,12
1993,1221,East,13
1993,1335,East,14
1993,1164,East,15
1993,1187,East,16
1993,1231,Midwest,1
1993,1242,Midwest,2
1993,1181,Midwest,3
1993,1257,Midwest,4
1993,1329,Midwest,5
1993,1143,Midwest,6
1993,1140,Midwest,7
1993,1309,Midwest,8
1993,1462,Midwest,9
1993,1374,Midwest,10
1993,1261,Midwest,11
1993,1266,Midwest,12
1993,1174,Midwest,13
1993,1356,Midwest,14
1993,1123,Midwest,15
1993,1460,Midwest,16
1993,1246,Southeast,1
1993,1371,Southeast,2
1993,1199,Southeast,3
1993,1234,Southeast,4
1993,1448,Southeast,5
1993,1243,Southeast,6
1993,1443,Southeast,7
1993,1428,Southeast,8
1993,1338,Southeast,9
1993,1272,Southeast,10
1993,1408,Southeast,11
1993,1151,Southeast,12
1993,1419,Southeast,13
1993,1191,Southeast,14
1993,1398,Southeast,15
1993,1351,Southeast,16
1993,1276,West,1
1993,1112,West,2
1993,1435,West,3
1993,1210,West,4
1993,1307,West,5
1993,1228,West,6
1993,1396,West,7
1993,1235,West,8
1993,1417,West,9
1993,1281,West,10
1993,1253,West,11
1993,1203,West,12
1993,1380,West,13
1993,1129,West,14
1993,1365,West,15
1993,1157,West,16
1994,1314,East,1
1994,1163,East,2
1994,1196,East,3
1994,1396,East,4
1994,1231,East,5
1994,1304,East,6
1994,1412,East,7
1994,1450,East,8
1994,1130,East,9
1994,1203,East,10
1994,1335,East,11
1994,1325,East,12
1994,1180,East,13
1994,1241,East,14
1994,1351,East,15
1994,1251,East,16
1994,1345,Southeast,1
1994,1181,Southeast,2
1994,1246,Southeast,3
1994,1242,Southeast,4
1994,1448,Southeast,5
1994,1266,Southeast,6
1994,1277,Southeast,7
1994,1344,Southeast,8
1994,1104,Southeast,9
1994,1371,Southeast,10
1994,1418,Southeast,11
1994,1158,Southeast,12
1994,1151,Southeast,13
1994,1398,Southeast,14
1994,1411,Southeast,15
1994,1416,Southeast,16
1994,1116,Midwest,1
1994,1269,Midwest,2
1994,1276,Midwest,3
1994,1329,Midwest,4
1994,1417,Midwest,5
1994,1400,Midwest,6
1994,1387,Midwest,7
1994,1228,Midwest,8
1994,1207,Midwest,9
1994,1268,Midwest,10
1994,1443,Midwest,11
1994,1409,Midwest,12
1994,1308,Midwest,13
1994,1337,Midwest,14
1994,1402,Midwest,15
1994,1299,Midwest,16
1994,1281,West,1
1994,1112,West,2
1994,1257,West,3
1994,1393,West,4
1994,1143,West,5
1994,1278,West,6
1994,1438,West,7
1994,1153,West,8
1994,1458,West,9
1994,1307,West,10
1994,1356,West,11
1994,1453,West,12
1994,1218,West,13
1994,1129,West,14
1994,1259,West,15
1994,1298,West,16
1995,1448,East,1
1995,1269,East,2
1995,1437,East,3
1995,1329,East,4
1995,1104,East,5
1995,1409,East,6
1995,1150,East,7
1995,1278,East,8
1995,1387,East,9
1995,1390,East,10
1995,1228,East,11
1995,1335,East,12
1995,1180,East,13
1995,1330,East,14
1995,1389,East,15
1995,1299,East,16
1995,1417,West,1
1995,1163,West,2
1995,1268,West,3
1995,1428,West,4
1995,1280,West,5
1995,1332,West,6
1995,1153,West,7
1995,1281,West,8
1995,1231,West,9
1995,1396,West,10
1995,1400,West,11
1995,1365,West,12
1995,1253,West,13
1995,1211,West,14
1995,1151,West,15
1995,1198,West,16
1995,1242,Midwest,1
1995,1116,Midwest,2
1995,1345,Midwest,3
1995,1438,Midwest,4
1995,1112,Midwest,5
1995,1272,Midwest,6
1995,1393,Midwest,7
1995,1443,Midwest,8
1995,1276,Midwest,9
1995,1356,Midwest,10
1995,1257,Midwest,11
1995,1275,Midwest,12
1995,1311,Midwest,13
1995,1453,Midwest,14
1995,1411,Midwest,15
1995,1159,Midwest,16
1995,1246,Southeast,1
1995,1314,Southeast,2
1995,1277,Southeast,3
1995,1328,Southeast,4
1995,1113,Southeast,5
1995,1207,Southeast,6
1995,1235,Southeast,7
1995,1140,Southeast,8
1995,1408,Southeast,9
1995,1196,Southeast,10
1995,1462,Southeast,11
1995,1123,Southeast,12
1995,1264,Southeast,13
1995,1451,Southeast,14
1995,1293,Southeast,15
1995,1291,Southeast,16
1996,1269,East,1
1996,1207,East,2
1996,1403,East,3
1996,1266,East,4
1996,1336,East,5
1996,1314,East,6
1996,1307,East,7
1996,1133,East,8
1996,1390,East,9
1996,1243,East,10
1996,1309,East,11
1996,1116,East,12
1996,1284,East,13
1996,1296,East,14
1996,1290,East,15
1996,1416,East,16
1996,1246,Midwest,1
1996,1448,Midwest,2
1996,1437,Midwest,3
1996,1428,Midwest,4
1996,1235,Midwest,5
1996,1257,Midwest,6
1996,1276,Midwest,7
1996,1453,Midwest,8
1996,1439,Midwest,9
1996,1400,Midwest,10
1996,1409,Midwest,11
1996,1143,Midwest,12
1996,1145,Midwest,13
1996,1339,Midwest,14
1996,1419,Midwest,15
1996,1363,Midwest,16
1996,1163,Southeast,1
1996,1153,Southeast,2
1996,1210,Southeast,3
1996,1417,Southeast,4
1996,1280,Southeast,5
1996,1231,Southeast,6
1996,1396,Southeast,7
1996,1181,Southeast,8
1996,1185,Southeast,9
1996,1328,Southeast,10
1996,1130,Southeast,11
1996,1433,Southeast,12
1996,1343,Southeast,13
1996,1122,Southeast,14
1996,1422,Southeast,15
1996,1159,Southeast,16
1996,1345,West,1
1996,1242,West,2
1996,1112,West,3
1996,1393,West,4
1996,1272,West,5
1996,1234,West,6
1996,1268,West,7
1996,1208,West,8
1996,1155,West,9
1996,1365,West,10
1996,1203,West,11
1996,1180,West,12
1996,1286,West,13
1996,1434,West,14
1996,1354,West,15
1996,1441,West,16
1997,1314,East,1
1997,1376,East,2
1997,1307,East,3
1997,1437,East,4
1997,1143,East,5
1997,1257,East,6
1997,1458,East,7
1997,1231,East,8
1997,1160,East,9
1997,1400,East,10
1997,1269,East,11
1997,1343,East,12
1997,1254,East,13
1997,1330,East,14
1997,1164,East,15
1997,1193,East,16
1997,1242,Southeast,1
1997,1181,Southeast,2
1997,1208,Southeast,3
1997,1112,Southeast,4
1997,1268,Southeast,5
1997,1228,Southeast,6
1997,1266,Southeast,7
1997,1345,Southeast,8
1997,1348,Southeast,9
1997,1344,Southeast,10
1997,1425,Southeast,11
1997,1158,Southeast,12
1997,1375,Southeast,13
1997,1151,Southeast,14
1997,1293,Southeast,15
1997,1238,Southeast,16
1997,1278,Midwest,1
1997,1417,Midwest,2
1997,1153,Midwest,3
1997,1155,Midwest,4
1997,1409,Midwest,5
1997,1235,Midwest,6
1997,1462,Midwest,7
1997,1279,Midwest,8
1997,1396,Midwest,9
1997,1435,Midwest,10
1997,1229,Midwest,11
1997,1131,Midwest,12
1997,1275,Midwest,13
1997,1139,Midwest,14
1997,1149,Midwest,15
1997,1402,Midwest,16
1997,1246,West,1
1997,1428,West,2
1997,1448,West,3
1997,1386,West,4
1997,1130,West,5
1997,1390,West,6
1997,1150,West,7
1997,1234,West,8
1997,1438,West,9
1997,1207,West,10
1997,1328,West,11
1997,1434,West,12
1997,1334,West,13
1997,1388,West,14
1997,1298,West,15
1997,1285,West,16
1998,1314,East,1
1998,1163,East,2
1998,1376,East,3
1998,1277,East,4
1998,1343,East,5
1998,1462,East,6
1998,1231,East,7
1998,1150,East,8
1998,1227,East,9
1998,1328,East,10
1998,1449,East,11
1998,1424,East,12
1998,1185,East,13
1998,1350,East,14
1998,1192,East,15
1998,1298,East,16
1998,1112,West,1
1998,1153,West,2
1998,1428,West,3
1998,1268,West,4
1998,1228,West,5
1998,1116,West,6
1998,1396,West,7
1998,1397,West,8
1998,1229,West,9
1998,1452,West,10
1998,1304,West,11
1998,1375,West,12
1998,1429,West,13
1998,1362,West,14
1998,1319,West,15
1998,1311,West,16
1998,1242,Midwest,1
1998,1345,Midwest,2
1998,1390,Midwest,3
1998,1279,Midwest,4
1998,1395,Midwest,5
1998,1155,Midwest,6
1998,1385,Midwest,7
1998,1348,Midwest,8
1998,1293,Midwest,9
1998,1178,Midwest,10
1998,1444,Midwest,11
1998,1199,Midwest,12
1998,1434,Midwest,13
1998,1158,Midwest,14
1998,1174,Midwest,15
1998,1341,Midwest,16
1998,1181,South,1
1998,1246,South,2
1998,1276,South,3
1998,1307,South,4
1998,1393,South,5
1998,1417,South,6
1998,1269,South,7
1998,1329,South,8
1998,1203,South,9
1998,1387,South,10
1998,1274,South,11
1998,1233,South,12
1998,1139,South,13
1998,1172,South,14
1998,1354,South,15
1998,1347,South,16
1999,1181,East,1
1999,1274,East,2
1999,1153,East,3
1999,1397,East,4
1999,1458,East,5
1999,1396,East,6
1999,1400,East,7
1999,1158,East,8
1999,1409,East,9
1999,1345,East,10
1999,1245,East,11
1999,1283,East,12
1999,1174,East,13
1999,1206,East,14
1999,1248,East,15
1999,1197,East,16
1999,1277,Midwest,1
1999,1428,Midwest,2
1999,1246,Midwest,3
1999,1112,Midwest,4
1999,1150,Midwest,5
1999,1242,Midwest,6
1999,1449,Midwest,7
1999,1437,Midwest,8
1999,1279,Midwest,9
1999,1275,Midwest,10
1999,1191,Midwest,11
1999,1348,Midwest,12
1999,1328,Midwest,13
1999,1308,Midwest,14
1999,1117,Midwest,15
1999,1291,Midwest,16
1999,1120,South,1
1999,1268,South,2
1999,1385,South,3
1999,1326,South,4
1999,1417,South,5
1999,1231,South,6
1999,1257,South,7
1999,1393,South,8
1999,1329,South,9
1999,1166,South,10
1999,1203,South,11
1999,1178,South,12
1999,1293,South,13
1999,1359,South,14
1999,1434,South,15
1999,1457,South,16
1999,1163,West,1
1999,1390,West,2
1999,1314,West,3
1999,1116,West,4
1999,1234,West,5
1999,1196,West,6
1999,1278,West,7
1999,1281,West,8
1999,1307,West,9
1999,1211,West,10
1999,1335,West,11
1999,1412,West,12
1999,1373,West,13
1999,1451,West,14
1999,1108,West,15
1999,1427,West,16
2000,1181,East,1
2000,1396,East,2
2000,1329,East,3
2000,1228,East,4
2000,1196,East,5
2000,1231,East,6
2000,1332,East,7
2000,1242,East,8
2000,1177,East,9
2000,1371,East,10
2000,1337,East,11
2000,1139,East,12
2000,1335,East,13
2000,1220,East,14
2000,1248,East,15
2000,1249,East,16
2000,1390,South,1
2000,1153,South,2
2000,1326,South,3
2000,1397,South,4
2000,1163,South,5
2000,1274,South,6
2000,1409,South,7
2000,1314,South,8
2000,1281,South,9
2000,1424,South,10
2000,1116,South,11
2000,1429,South,12
2000,1418,South,13
2000,1111,South,14
2000,1423,South,15
2000,1354,South,16
2000,1277,Midwest,1
2000,1235,Midwest,2
2000,1268,Midwest,3
2000,1393,Midwest,4
2000,1246,Midwest,5
2000,1417,Midwest,6
2000,1120,Midwest,7
2000,1428,Midwest,8
2000,1387,Midwest,9
2000,1166,Midwest,10
2000,1123,Midwest,11
2000,1382,Midwest,12
2000,1359,Midwest,13
2000,1233,Midwest,14
2000,1148,Midwest,15
2000,1434,Midwest,16
2000,1112,West,1
2000,1385,West,2
2000,1328,West,3
2000,1261,West,4
2000,1400,West,5
2000,1345,West,6
2000,1257,West,7
2000,1458,West,8
2000,1201,West,9
2000,1211,West,10
2000,1173,West,11
2000,1232,West,12
2000,1369,West,13
2000,1457,West,14
2000,1319,West,15
2000,1238,West,16
2001,1181,East,1
2001,1246,East,2
2001,1130,East,3
2001,1417,East,4
2001,1326,East,5
2001,1425,East,6
2001,1234,East,7
2001,1208,East,8
2001,1281,East,9
2001,1166,East,10
2001,1329,East,11
2001,1429,East,12
2001,1220,East,13
2001,1381,East,14
2001,1221,East,15
2001,1284,East,16
2001,1390,West,1
2001,1235,West,2
2001,1268,West,3
2001,1231,West,4
2001,1153,West,5
2001,1458,West,6
2001,1116,West,7
2001,1210,West,8
2001,1386,West,9
2001,1207,West,10
2001,1209,West,11
2001,1140,West,12
2001,1245,West,13
2001,1206,West,14
2001,1214,West,15
2001,1422,West,16
2001,1228,Midwest,1
2001,1112,Midwest,2
2001,1279,Midwest,3
2001,1242,Midwest,4
2001,1393,Midwest,5
2001,1323,Midwest,6
2001,1448,Midwest,7
2001,1397,Midwest,8
2001,1150,Midwest,9
2001,1139,Midwest,10
2001,1462,Midwest,11
2001,1218,Midwest,12
2001,1169,Midwest,13
2001,1233,Midwest,14
2001,1183,Midwest,15
2001,1322,Midwest,16
2001,1457,Midwest,16
2001,1277,South,1
2001,1314,South,2
2001,1196,South,3
2001,1328,South,4
2001,1438,South,5
2001,1400,South,6
2001,1336,South,7
2001,1143,South,8
2001,1201,South,9
2001,1344,South,10
2001,1396,South,11
2001,1211,South,12
2001,1232,South,13
2001,1443,South,14
2001,1343,South,15
2001,1106,South,16
2002,1268,East,1
2002,1163,East,2
2002,1208,East,3
2002,1246,East,4
2002,1266,East,5
2002,1403,East,6
2002,1301,East,7
2002,1458,East,8
2002,1385,East,9
2002,1277,East,10
2002,1356,East,11
2002,1409,East,12
2002,1434,East,13
2002,1293,East,14
2002,1214,East,15
2002,1108,East,16
2002,1373,East,16
2002,1242,Midwest,1
2002,1332,Midwest,2
2002,1280,Midwest,3
2002,1228,Midwest,4
2002,1196,Midwest,5
2002,1400,Midwest,6
2002,1448,Midwest,7
2002,1390,Midwest,8
2002,1443,Midwest,9
2002,1337,Midwest,10
2002,1130,Midwest,11
2002,1166,Midwest,12
2002,1361,Midwest,13
2002,1270,Midwest,14
2002,1285,Midwest,15
2002,1221,Midwest,16
2002,1181,South,1
2002,1104,South,2
2002,1338,South,3
2002,1425,South,4
2002,1231,South,5
2002,1143,South,6
2002,1329,South,7
2002,1323,South,8
2002,1150,South,9
2002,1245,South,10
2002,1335,South,11
2002,1428,South,12
2002,1423,South,13
2002,1148,South,14
2002,1194,South,15
2002,1457,South,16
2002,1153,West,1
2002,1328,West,2
2002,1112,West,3
2002,1326,West,4
2002,1274,West,5
2002,1211,West,6
2002,1462,West,7
2002,1417,West,8
2002,1279,West,9
2002,1218,West,10
2002,1461,West,11
2002,1281,West,12
2002,1172,West,13
2002,1364,West,14
2002,1227,West,15
2002,1131,West,16
2003,1328,East,1
2003,1448,East,2
2003,1393,East,3
2003,1257,East,4
2003,1280,East,5
2003,1329,East,6
2003,1386,East,7
2003,1143,East,8
2003,1301,East,9
2003,1120,East,10
2003,1335,East,11
2003,1139,East,12
2003,1122,East,13
2003,1264,East,14
2003,1190,East,15
2003,1354,East,16
2003,1400,South,1
2003,1196,South,2
2003,1462,South,3
2003,1390,South,4
2003,1163,South,5
2003,1268,South,6
2003,1277,South,7
2003,1261,South,8
2003,1345,South,9
2003,1160,South,10
2003,1423,South,11
2003,1140,South,12
2003,1360,South,13
2003,1407,South,14
2003,1358,South,15
2003,1411,South,16
2003,1421,South,16
2003,1246,Midwest,1
2003,1338,Midwest,2
2003,1266,Midwest,3
2003,1173,Midwest,4
2003,1458,Midwest,5
2003,1281,Midwest,6
2003,1231,Midwest,7
2003,1332,Midwest,8
2003,1428,Midwest,9
2003,1104,Midwest,10
2003,1356,Midwest,11
2003,1451,Midwest,12
2003,1409,Midwest,13
2003,1221,Midwest,14
2003,1447,Midwest,15
2003,1237,Midwest,16
2003,1112,West,1
2003,1242,West,2
2003,1181,West,3
2003,1228,West,4
2003,1323,West,5
2003,1166,West,6
2003,1272,West,7
2003,1153,West,8
2003,1211,West,9
2003,1113,West,10
2003,1141,West,11
2003,1454,West,12
2003,1443,West,13
2003,1161,West,14
2003,1429,West,15
2003,1436,West,16
2004,1181,Atlanta,1
2004,1280,Atlanta,2
2004,1400,Atlanta,3
2004,1153,Atlanta,4
2004,1228,Atlanta,5
2004,1314,Atlanta,6
2004,1462,Atlanta,7
2004,1371,Atlanta,8
2004,1112,Atlanta,9
2004,1257,Atlanta,10
2004,1102,Atlanta,11
2004,1293,Atlanta,12
2004,1190,Atlanta,13
2004,1343,Atlanta,14
2004,1284,Atlanta,15
2004,1106,Atlanta,16
2004,1390,Phoenix,1
2004,1163,Phoenix,2
2004,1301,Phoenix,3
2004,1268,Phoenix,4
2004,1393,Phoenix,5
2004,1435,Phoenix,6
2004,1177,Phoenix,7
2004,1104,Phoenix,8
2004,1356,Phoenix,9
2004,1173,Phoenix,10
2004,1444,Phoenix,11
2004,1140,Phoenix,12
2004,1431,Phoenix,13
2004,1418,Phoenix,14
2004,1436,Phoenix,15
2004,1427,Phoenix,16
2004,1386,EastRutherford,1
2004,1329,EastRutherford,2
2004,1338,EastRutherford,3
2004,1448,EastRutherford,4
2004,1196,EastRutherford,5
2004,1458,EastRutherford,6
2004,1272,EastRutherford,7
2004,1403,EastRutherford,8
2004,1150,EastRutherford,9
2004,1376,EastRutherford,10
2004,1350,EastRutherford,11
2004,1264,EastRutherford,12
2004,1433,EastRutherford,13
2004,1416,EastRutherford,14
2004,1186,EastRutherford,15
2004,1251,EastRutherford,16
2004,1246,StLouis,1
2004,1211,StLouis,2
2004,1210,StLouis,3
2004,1242,StLouis,4
2004,1344,StLouis,5
2004,1130,StLouis,6
2004,1277,StLouis,7
2004,1449,StLouis,8
2004,1412,StLouis,9
2004,1305,StLouis,10
2004,1428,StLouis,11
2004,1334,StLouis,12
2004,1227,StLouis,13
2004,1320,StLouis,14
2004,1434,StLouis,15
2004,1197,StLouis,16
2004,1250,StLouis,16
2005,1449,Albuquerque,1
2005,1448,Albuquerque,2
2005,1211,Albuquerque,3
2005,1257,Albuquerque,4
2005,1210,Albuquerque,5
2005,1403,Albuquerque,6
2005,1452,Albuquerque,7
2005,1334,Albuquerque,8
2005,1338,Albuquerque,9
2005,1166,Albuquerque,10
2005,1417,Albuquerque,11
2005,1203,Albuquerque,12
2005,1418,Albuquerque,13
2005,1457,Albuquerque,14
2005,1151,Albuquerque,15
2005,1285,Albuquerque,16
2005,1228,Chicago,1
2005,1329,Chicago,2
2005,1112,Chicago,3
2005,1130,Chicago,4
2005,1104,Chicago,5
2005,1261,Chicago,6
2005,1356,Chicago,7
2005,1400,Chicago,8
2005,1305,Chicago,9
2005,1388,Chicago,10
2005,1412,Chicago,11
2005,1454,Chicago,12
2005,1335,Chicago,13
2005,1429,Chicago,14
2005,1368,Chicago,15
2005,1192,Chicago,16
2005,1181,Austin,1
2005,1246,Austin,2
2005,1328,Austin,3
2005,1393,Austin,4
2005,1277,Austin,5
2005,1428,Austin,6
2005,1153,Austin,7
2005,1390,Austin,8
2005,1280,Austin,9
2005,1234,Austin,10
2005,1431,Austin,11
2005,1330,Austin,12
2005,1436,Austin,13
2005,1310,Austin,14
2005,1184,Austin,15
2005,1175,Austin,16
2005,1314,Syracuse,1
2005,1163,Syracuse,2
2005,1242,Syracuse,3
2005,1196,Syracuse,4
2005,1437,Syracuse,5
2005,1458,Syracuse,6
2005,1150,Syracuse,7
2005,1278,Syracuse,8
2005,1235,Syracuse,9
2005,1301,Syracuse,10
2005,1320,Syracuse,11
2005,1307,Syracuse,12
2005,1325,Syracuse,13
2005,1137,Syracuse,14
2005,1416,Syracuse,15
2005,1105,Syracuse,16
2005,1324,Syracuse,16
2006,1181,Atlanta,1
2006,1400,Atlanta,2
2006,1234,Atlanta,3
2006,1261,Atlanta,4
2006,1393,Atlanta,5
2006,1452,Atlanta,6
2006,1143,Atlanta,7
2006,1203,Atlanta,8
2006,1423,Atlanta,9
2006,1301,Atlanta,10
2006,1356,Atlanta,11
2006,1401,Atlanta,12
2006,1233,Atlanta,13
2006,1322,Atlanta,14
2006,1335,Atlanta,15
2006,1380,Atlanta,16
2006,1272,Oakland,1
2006,1417,Oakland,2
2006,1211,Oakland,3
2006,1242,Oakland,4
2006,1338,Oakland,5
2006,1231,Oakland,6
2006,1266,Oakland,7
2006,1116,Oakland,8
2006,1137,Oakland,9
2006,1104,Oakland,10
2006,1361,Oakland,11
2006,1245,Oakland,12
2006,1133,Oakland,13
2006,1462,Oakland,14
2006,1125,Oakland,15
2006,1331,Oakland,16
2006,1437,Minneapolis,1
2006,1326,Minneapolis,2
2006,1196,Minneapolis,3
2006,1130,Minneapolis,4
2006,1305,Minneapolis,5
2006,1328,Minneapolis,6
2006,1207,Minneapolis,7
2006,1112,Minneapolis,8
2006,1458,Minneapolis,9
2006,1320,Minneapolis,10
2006,1454,Minneapolis,11
2006,1285,Minneapolis,12
2006,1334,Minneapolis,13
2006,1375,Minneapolis,14
2006,1172,Minneapolis,15
2006,1214,Minneapolis,16
2006,1284,Minneapolis,16
2006,1163,WashingtonDC,1
2006,1397,WashingtonDC,2
2006,1314,WashingtonDC,3
2006,1228,WashingtonDC,4
2006,1449,WashingtonDC,5
2006,1277,WashingtonDC,6
2006,1455,WashingtonDC,7
2006,1246,WashingtonDC,8
2006,1412,WashingtonDC,9
2006,1371,WashingtonDC,10
2006,1206,WashingtonDC,11
2006,1429,WashingtonDC,12
2006,1102,WashingtonDC,13
2006,1293,WashingtonDC,14
2006,1457,WashingtonDC,15
2006,1107,WashingtonDC,16
2007,1314,East,1
2007,1207,East,2
2007,1450,East,3
2007,1400,East,4
2007,1425,East,5
2007,1435,East,6
2007,1130,East,7
2007,1266,East,8
2007,1277,East,9
2007,1403,East,10
2007,1203,East,11
2007,1116,East,12
2007,1308,East,13
2007,1331,East,14
2007,1125,East,15
2007,1184,East,16
2007,1326,South,1
2007,1272,South,2
2007,1401,South,3
2007,1438,South,4
2007,1397,South,5
2007,1257,South,6
2007,1305,South,7
2007,1140,South,8
2007,1462,South,9
2007,1166,South,10
2007,1390,South,11
2007,1253,South,12
2007,1107,South,13
2007,1335,South,14
2007,1317,South,15
2007,1148,South,16
2007,1196,Midwest,1
2007,1458,Midwest,2
2007,1332,Midwest,3
2007,1268,Midwest,4
2007,1139,Midwest,5
2007,1323,Midwest,6
2007,1424,Midwest,7
2007,1112,Midwest,8
2007,1345,Midwest,9
2007,1210,Midwest,10
2007,1457,Midwest,11
2007,1330,Midwest,12
2007,1172,Midwest,13
2007,1275,Midwest,14
2007,1394,Midwest,15
2007,1238,Midwest,16
2007,1242,West,1
2007,1417,West,2
2007,1338,West,3
2007,1356,West,4
2007,1439,West,5
2007,1181,West,6
2007,1231,West,7
2007,1246,West,8
2007,1437,West,9
2007,1211,West,10
2007,1433,West,11
2007,1228,West,12
2007,1221,West,13
2007,1460,West,14
2007,1451,West,15
2007,1197,West,16
2007,1310,West,16
2008,1314,East,1
2008,1397,East,2
2008,1257,East,3
2008,1450,East,4
2008,1323,East,5
2008,1328,East,6
2008,1139,East,7
2008,1231,East,8
2008,1116,East,9
2008,1375,East,10
2008,1386,East,11
2008,1206,East,12
2008,1457,East,13
2008,1129,East,14
2008,1110,East,15
2008,1164,East,16
2008,1291,East,16
2008,1242,Midwest,1
2008,1207,Midwest,2
2008,1458,Midwest,3
2008,1435,Midwest,4
2008,1155,Midwest,5
2008,1425,Midwest,6
2008,1211,Midwest,7
2008,1424,Midwest,8
2008,1245,Midwest,9
2008,1172,Midwest,10
2008,1243,Midwest,11
2008,1437,Midwest,12
2008,1373,Midwest,13
2008,1168,Midwest,14
2008,1420,Midwest,15
2008,1340,Midwest,16
2008,1272,South,1
2008,1400,South,2
2008,1390,South,3
2008,1338,South,4
2008,1277,South,5
2008,1266,South,6
2008,1274,South,7
2008,1280,South,8
2008,1332,South,9
2008,1388,South,10
2008,1246,South,11
2008,1396,South,12
2008,1331,South,13
2008,1165,South,14
2008,1122,South,15
2008,1426,South,16
2008,1417,West,1
2008,1181,West,2
2008,1462,West,3
2008,1163,West,4
2008,1179,West,5
2008,1345,West,6
2008,1452,West,7
2008,1140,West,8
2008,1401,West,9
2008,1112,West,10
2008,1124,West,11
2008,1443,West,12
2008,1360,West,13
2008,1208,West,14
2008,1125,West,15
2008,1290,West,16
2009,1338,East,1
2009,1181,East,2
2009,1437,East,3
2009,1462,East,4
2009,1199,East,5
2009,1417,East,6
2009,1400,East,7
2009,1329,East,8
2009,1397,East,9
2009,1278,East,10
2009,1433,East,11
2009,1458,East,12
2009,1340,East,13
2009,1110,East,14
2009,1127,East,15
2009,1190,East,16
2009,1314,South,1
2009,1328,South,2
2009,1393,South,3
2009,1211,South,4
2009,1228,South,5
2009,1113,South,6
2009,1155,South,7
2009,1261,South,8
2009,1139,South,9
2009,1276,South,10
2009,1396,South,11
2009,1443,South,12
2009,1103,South,13
2009,1372,South,14
2009,1288,South,15
2009,1347,South,16
2009,1257,Midwest,1
2009,1277,Midwest,2
2009,1242,Midwest,3
2009,1448,Midwest,4
2009,1428,Midwest,5
2009,1452,Midwest,6
2009,1130,Midwest,7
2009,1326,Midwest,8
2009,1373,Midwest,9
2009,1425,Midwest,10
2009,1173,Midwest,11
2009,1112,Midwest,12
2009,1156,Midwest,13
2009,1295,Midwest,14
2009,1352,Midwest,15
2009,1106,Midwest,16
2009,1287,Midwest,16
2009,1163,West,1
2009,1272,West,2
2009,1281,West,3
2009,1449,West,4
2009,1345,West,5
2009,1266,West,6
2009,1143,West,7
2009,1140,West,8
2009,1401,West,9
2009,1268,West,10
2009,1429,West,11
2009,1320,West,12
2009,1280,West,13
2009,1165,West,14
2009,1169,West,15
2009,1151,West,16
2010,1246,East,1
2010,1452,East,2
2010,1307,East,3
2010,1458,East,4
2010,1396,East,5
2010,1266,East,6
2010,1155,East,7
2010,1400,East,8
2010,1448,East,9
2010,1281,East,10
2010,1449,East,11
2010,1165,East,12
2010,1459,East,13
2010,1285,East,14
2010,1288,East,15
2010,1190,East,16
2010,1181,South,1
2010,1437,South,2
2010,1124,South,3
2010,1345,South,4
2010,1401,South,5
2010,1323,South,6
2010,1350,South,7
2010,1143,South,8
2010,1257,South,9
2010,1388,South,10
2010,1330,South,11
2010,1429,South,12
2010,1373,South,13
2010,1358,South,14
2010,1352,South,15
2010,1115,South,16
2010,1457,South,16
2010,1242,Midwest,1
2010,1326,Midwest,2
2010,1207,Midwest,3
2010,1268,Midwest,4
2010,1277,Midwest,5
2010,1397,Midwest,6
2010,1329,Midwest,7
2010,1424,Midwest,8
2010,1320,Midwest,9
2010,1210,Midwest,10
2010,1361,Midwest,11
2010,1308,Midwest,12
2010,1222,Midwest,13
2010,1325,Midwest,14
2010,1364,Midwest,15
2010,1250,Midwest,16
2010,1393,West,1
2010,1243,West,2
2010,1338,West,3
2010,1435,West,4
2010,1139,West,5
2010,1462,West,6
2010,1140,West,7
2010,1211,West,8
2010,1199,West,9
2010,1196,West,10
2010,1278,West,11
2010,1431,West,12
2010,1293,West,13
2010,1324,West,14
2010,1317,West,15
2010,1436,West,16
2011,1326,East,1
2011,1314,East,2
2011,1393,East,3
2011,1246,East,4
2011,1452,East,5
2011,1462,East,6
2011,1449,East,7
2011,1206,East,8
2011,1437,East,9
2011,1208,East,10
2011,1266,East,11
2011,1155,East,12
2011,1412,East,12
2011,1343,East,13
2011,1232,East,14
2011,1254,East,15
2011,1106,East,16
2011,1427,East,16
2011,1181,West,1
2011,1361,West,2
2011,1163,West,3
2011,1400,West,4
2011,1112,West,5
2011,1153,West,6
2011,1396,West,7
2011,1276,West,8
2011,1397,West,9
2011,1336,West,10
2011,1281,West,11
2011,1272,West,12
2011,1324,West,13
2011,1137,West,14
2011,1294,West,15
2011,1214,West,16
2011,1338,Southeast,1
2011,1196,Southeast,2
2011,1140,Southeast,3
2011,1458,Southeast,4
2011,1243,Southeast,5
2011,1385,Southeast,6
2011,1417,Southeast,7
2011,1139,Southeast,8
2011,1330,Southeast,9
2011,1277,Southeast,10
2011,1211,Southeast,11
2011,1429,Southeast,12
2011,1125,Southeast,13
2011,1459,Southeast,14
2011,1364,Southeast,15
2011,1114,Southeast,16
2011,1421,Southeast,16
2011,1242,Southwest,1
2011,1323,Southwest,2
2011,1345,Southwest,3
2011,1257,Southwest,4
2011,1435,Southwest,5
2011,1207,Southwest,6
2011,1401,Southwest,7
2011,1424,Southwest,8
2011,1228,Southwest,9
2011,1199,Southwest,10
2011,1425,Southwest,11
2011,1433,Southwest,11
2011,1350,Southwest,12
2011,1287,Southwest,13
2011,1389,Southwest,14
2011,1103,Southwest,15
2011,1131,Southwest,16
2012,1393,East,1
2012,1326,East,2
2012,1199,East,3
2012,1458,East,4
2012,1435,East,5
2012,1153,East,6
2012,1211,East,7
2012,1243,East,8
2012,1379,East,9
2012,1452,East,10
2012,1400,East,11
2012,1217,East,12
2012,1285,East,13
2012,1382,East,14
2012,1259,East,15
2012,1421,East,16
2012,1314,Midwest,1
2012,1242,Midwest,2
2012,1207,Midwest,3
2012,1276,Midwest,4
2012,1396,Midwest,5
2012,1361,Midwest,6
2012,1388,Midwest,7
2012,1166,Midwest,8
2012,1104,Midwest,9
2012,1345,Midwest,10
2012,1301,Midwest,11
2012,1143,Midwest,12
2012,1378,Midwest,12
2012,1325,Midwest,13
2012,1125,Midwest,14
2012,1178,Midwest,15
2012,1249,Midwest,16
2012,1436,Midwest,16
2012,1246,South,1
2012,1181,South,2
2012,1124,South,3
2012,1231,South,4
2012,1455,South,5
2012,1424,South,6
2012,1323,South,7
2012,1235,South,8
2012,1163,South,9
2012,1462,South,10
2012,1160,South,11
2012,1433,South,12
2012,1308,South,13
2012,1355,South,14
2012,1250,South,15
2012,1290,South,16
2012,1443,South,16
2012,1277,West,1
2012,1281,West,2
2012,1266,West,3
2012,1257,West,4
2012,1307,West,5
2012,1293,West,6
2012,1196,West,7
2012,1272,West,8
2012,1387,West,9
2012,1438,West,10
2012,1161,West,11
2012,1253,West,12
2012,1172,West,13
2012,1140,West,14
2012,1233,West,14
2012,1313,West,15
2012,1254,West,16
2013,1231,East,1
2013,1274,East,2
2013,1266,East,3
2013,1393,East,4
2013,1424,East,5
2013,1139,East,6
2013,1228,East,7
2013,1301,East,8
2013,1396,East,9
2013,1160,East,10
2013,1137,East,11
2013,1143,East,12
2013,1285,East,13
2013,1172,East,14
2013,1334,East,15
2013,1241,East,16
2013,1254,East,16
2013,1242,South,1
2013,1207,South,2
2013,1196,South,3
2013,1276,South,4
2013,1433,South,5
2013,1417,South,6
2013,1361,South,7
2013,1314,South,8
2013,1437,South,9
2013,1328,South,10
2013,1278,South,11
2013,1103,South,12
2013,1355,South,13
2013,1322,South,14
2013,1195,South,15
2013,1443,South,16
2013,1257,Midwest,1
2013,1181,Midwest,2
2013,1277,Midwest,3
2013,1387,Midwest,4
2013,1329,Midwest,5
2013,1272,Midwest,6
2013,1166,Midwest,7
2013,1161,Midwest,8
2013,1281,Midwest,9
2013,1153,Midwest,10
2013,1292,Midwest,11
2013,1388,Midwest,11
2013,1332,Midwest,12
2013,1308,Midwest,13
2013,1434,Midwest,14
2013,1107,Midwest,15
2013,1251,Midwest,16
2013,1299,Midwest,16
2013,1211,West,1
2013,1326,West,2
2013,1307,West,3
2013,1243,West,4
2013,1458,West,5
2013,1112,West,6
2013,1323,West,7
2013,1338,West,8
2013,1455,West,9
2013,1235,West,10
2013,1125,West,11
2013,1279,West,12
2013,1129,West,13
2013,1247,West,13
2013,1217,West,14
2013,1233,West,15
2013,1380,West,16
2014,1438,East,1
2014,1437,East,2
2014,1235,East,3
2014,1277,East,4
2014,1153,East,5
2014,1314,East,6
2014,1163,East,7
2014,1272,East,8
2014,1203,East,9
2014,1386,East,10
2014,1344,East,11
2014,1217,East,12
2014,1174,East,13
2014,1300,East,14
2014,1454,East,15
2014,1157,East,16
2014,1196,South,1
2014,1242,South,2
2014,1393,South,3
2014,1417,South,4
2014,1433,South,5
2014,1326,South,6
2014,1307,South,7
2014,1160,South,8
2014,1338,South,9
2014,1390,South,10
2014,1173,South,11
2014,1372,South,12
2014,1409,South,13
2014,1444,South,14
2014,1184,South,15
2014,1107,South,16
2014,1291,South,16
2014,1455,Midwest,1
2014,1276,Midwest,2
2014,1181,Midwest,3
2014,1257,Midwest,4
2014,1387,Midwest,5
2014,1269,Midwest,6
2014,1400,Midwest,7
2014,1246,Midwest,8
2014,1243,Midwest,9
2014,1113,Midwest,10
2014,1234,Midwest,11
2014,1397,Midwest,11
2014,1301,Midwest,12
2014,1462,Midwest,12
2014,1264,Midwest,13
2014,1273,Midwest,14
2014,1459,Midwest,15
2014,1142,Midwest,16
2014,1411,Midwest,16
2014,1112,West,1
2014,1458,West,2
2014,1166,West,3
2014,1361,West,4
2014,1328,West,5
2014,1124,West,6
2014,1332,West,7
2014,1211,West,8
2014,1329,West,9
2014,1140,West,10
2014,1304,West,11
2014,1295,West,12
2014,1308,West,13
2014,1418,West,14
2014,1110,West,15
2014,1451,West,16
2015,1437,East,1
2015,1438,East,2
2015,1328,East,3
2015,1257,East,4
2015,1320,East,5
2015,1344,East,6
2015,1277,East,7
2015,1301,East,8
2015,1261,East,9
2015,1208,East,10
2015,1129,East,11
2015,1173,East,11
2015,1461,East,12
2015,1414,East,13
2015,1107,East,14
2015,1125,East,15
2015,1248,East,16
2015,1181,South,1
2015,1211,South,2
2015,1235,South,3
2015,1207,South,4
2015,1428,South,5
2015,1374,South,6
2015,1234,South,7
2015,1361,South,8
2015,1385,South,9
2015,1172,South,10
2015,1417,South,11
2015,1372,South,12
2015,1186,South,13
2015,1412,South,14
2015,1295,South,15
2015,1316,South,16
2015,1352,South,16
2015,1246,Midwest,1
2015,1242,Midwest,2
2015,1323,Midwest,3
2015,1268,Midwest,4
2015,1452,Midwest,5
2015,1139,Midwest,6
2015,1455,Midwest,7
2015,1153,Midwest,8
2015,1345,Midwest,9
2015,1231,Midwest,10
2015,1400,Midwest,11
2015,1138,Midwest,12
2015,1434,Midwest,13
2015,1318,Midwest,14
2015,1308,Midwest,15
2015,1214,Midwest,16
2015,1264,Midwest,16
2015,1458,West,1
2015,1112,West,2
2015,1124,West,3
2015,1314,West,4
2015,1116,West,5
2015,1462,West,6
2015,1433,West,7
2015,1332,West,8
2015,1329,West,9
2015,1326,West,10
2015,1140,West,11
2015,1279,West,11
2015,1459,West,12
2015,1217,West,13
2015,1209,West,14
2015,1411,West,15
2015,1157,West,16
2016,1314,East,1
2016,1462,East,2
2016,1452,East,3
2016,1246,East,4
2016,1231,East,5
2016,1323,East,6
2016,1458,East,7
2016,1425,East,8
2016,1344,East,9
2016,1338,East,10
2016,1276,East,11
2016,1409,East,11
2016,1151,East,12
2016,1392,East,13
2016,1372,East,14
2016,1451,East,15
2016,1192,East,16
2016,1195,East,16
2016,1438,Midwest,1
2016,1277,Midwest,2
2016,1428,Midwest,3
2016,1235,Midwest,4
2016,1345,Midwest,5
2016,1371,Midwest,6
2016,1173,Midwest,7
2016,1403,Midwest,8
2016,1139,Midwest,9
2016,1393,Midwest,10
2016,1211,Midwest,11
2016,1114,Midwest,12
2016,1233,Midwest,13
2016,1201,Midwest,14
2016,1292,Midwest,15
2016,1214,Midwest,16
2016,1242,South,1
2016,1437,South,2
2016,1274,South,3
2016,1143,South,4
2016,1268,South,5
2016,1112,South,6
2016,1234,South,7
2016,1160,South,8
2016,1163,South,9
2016,1396,South,10
2016,1435,South,11
2016,1455,South,11
2016,1355,South,12
2016,1218,South,13
2016,1138,South,14
2016,1421,South,15
2016,1122,South,16
2016,1332,West,1
2016,1328,West,2
2016,1401,West,3
2016,1181,West,4
2016,1124,West,5
2016,1400,West,6
2016,1333,West,7
2016,1386,West,8
2016,1153,West,9
2016,1433,West,10
2016,1320,West,11
2016,1463,West,12
2016,1423,West,13
2016,1453,West,14
2016,1167,West,15
2016,1221,West,16
2016,1380,West,16
