"Season","conference","ConAvScore","ConSdAvScore","ConAvOscore","ConSdAvOscore","ConAORteam","ConSdAORteam","ConADRteam","ConSdADRteam","ConPythPoints","ConSdPythPoints","ConPythORDR","ConSdPythORDR"
2003,"a_sun",71.4286617790391,5.51675013646556,71.8312980162825,5.39669074701344,102.229384471028,6.97562513916869,102.787158848726,5.34816542976643,0.495067035562178,0.25392707158447,0.493416218788481,0.251343509047568
2003,"a_ten",69.4735966755123,6.08816273506832,69.6785012981801,5.91754316891125,102.692118771506,7.89927149556328,102.984999259923,5.81823857098038,0.490968121724929,0.266612629614961,0.488133011124868,0.266148079684931
2003,"acc",71.888468447808,5.4546640262472,71.9517257195276,2.78358506780569,102.915119719696,5.508702246756,103.011035265926,4.5683567551716,0.491364330810844,0.217709022484605,0.494358078668843,0.218162348284751
2003,"aec",67.7635998356458,1.87175984704462,67.9429991782288,5.87962970624252,100.505959063901,3.36493386563157,100.776611549908,6.77712111835165,0.509064261103615,0.234348313121551,0.505691015853582,0.234632859514134
2003,"big_east",71.905542041378,4.54455689854155,72.1127850262912,4.79424834721354,102.354888133749,5.4456587400938,102.660089993546,5.58078232127056,0.490738245576425,0.190030069838903,0.490232356476259,0.190274124020134
2003,"big_sky",69.0572916666667,5.44800652534656,69.2470238095238,3.88323059774763,100.905154042109,7.59493211214326,101.1948345811,3.91790811210141,0.476514325300209,0.22798109233303,0.475553923090949,0.228765622088661
2003,"big_south",68.0402879901961,3.27672967832606,68.0529411764706,3.53743051108432,99.3018875282667,4.23015305381736,99.3113717726313,4.71389325197322,0.497996163065041,0.159075114602206,0.498875539028701,0.157386579070659
2003,"big_ten",66.2945789160959,3.57037614426058,66.3640350877193,5.40610755154252,100.869447027868,5.22530982194102,100.967717183443,6.57613794333837,0.509695902687093,0.227746856691846,0.507613086525815,0.231846425643894
2003,"big_twelve",68.8878353973168,5.40810723395867,69.0185629514964,4.33821055751232,100.018165977119,6.83085458772181,100.203919530625,5.63192561500535,0.489985696101747,0.256536068547306,0.490583262492228,0.254252975721788
2003,"big_west",64.5882999164578,2.93928810963644,64.8276482873851,5.48327681119745,101.27047102961,3.61453514202022,101.638961872279,6.43228627626059,0.498272163966599,0.218695443966909,0.494774308768797,0.216286404835658
2003,"caa",66.2079072681704,5.02129640312568,66.398984962406,4.66734368297223,98.3771165718723,7.20772261847522,98.6668919211164,7.06358463068953,0.515206726438638,0.266751351910021,0.514931088667453,0.267053781220149
2003,"cusa",68.3992266204727,6.96926345425748,68.5751762985896,4.47411317577445,100.555119624514,6.9051366269786,100.820805978659,3.74338111711116,0.481957794954033,0.222646029033059,0.485213244873995,0.224043185925922
2003,"horizon",69.5468409586057,5.9448888561074,69.7154951649276,3.57070026993872,104.433809103346,7.42005027614695,104.693299919779,4.95153253296821,0.495271780429323,0.276115187334799,0.496682534392979,0.277300238340472
2003,"ind",73.6883928571429,7.31556080194395,71.6467261904762,5.85493431309503,102.430810098737,8.1797440172709,99.7607434502149,7.07023843575277,0.560064996676651,0.234559068732903,0.556581598734788,0.232159852966643
2003,"ivy",64.6696428571429,8.69661452678025,64.6696428571429,5.13604104719617,99.1531969636029,10.866032105711,99.1531969636029,3.95085170848311,0.491677988676848,0.299432337369357,0.493856415390097,0.298357518784425
2003,"maac",71.8803759398496,5.41492817501276,72.0558521303258,3.32588818373055,102.237617945175,5.86936502555179,102.494117668212,5.5760689613309,0.502989084010369,0.214143585056627,0.506367179267351,0.214746764953603
2003,"mac",71.8753518411413,5.99374081292868,71.9881241565452,6.02464006550806,104.928976954506,5.36522411082945,105.091409715798,4.33926125024292,0.500561695172721,0.163610006889712,0.499197885616402,0.164528977733361
2003,"meac",68.3440491725181,4.74170778192083,68.545968226351,5.48778122846263,100.625188757625,5.41917107955789,100.912038887618,6.25001933463167,0.510788138481811,0.231129890191124,0.511043542126912,0.236827154839412
2003,"mid_cont",71.6637254901961,5.2553562870618,71.9220281862745,5.01822007504405,104.588216946612,6.08388005817962,104.977814292946,7.39648704936521,0.495366565835856,0.288287944151889,0.497478780849243,0.28797249030211
2003,"mvc",67.3518922305764,5.95566542206261,67.5121553884712,4.31033096023442,102.60858512695,6.38937400784483,102.842735418652,6.5407862169449,0.485229809455713,0.252602800679361,0.490497716465688,0.25368384213334
2003,"mwc",68.391574754902,6.37025290989435,68.5470588235294,5.79606701420141,107.289567374021,4.34048371289552,107.540556054142,6.21876940371585,0.490016023736911,0.214327831201801,0.494455918867711,0.218948702735328
2003,"nec",71.8582915622389,4.4814808503263,72.0002923976608,4.57275394898259,102.541976695058,5.28581441389876,102.743873274552,3.89174468255454,0.493753549477598,0.142397890654041,0.492157345254828,0.140577807431476
2003,"ovc",75.9062464166953,3.76724705055924,76.3203402706112,8.25892257940072,106.905022236652,6.64924662192263,107.473123441805,7.40306544326647,0.520637075587761,0.25044186110199,0.512752443219804,0.250755108063992
2003,"pac_ten",74.4497660818713,5.16187512157562,74.5546324143693,4.62437917856454,102.604849356359,6.06348627718018,102.764547788853,5.6691075483546,0.496408971192309,0.249782093703442,0.497147135442879,0.251967118044412
2003,"patriot",61.989675245098,6.31292005204378,62.3261335784314,4.68543995749799,97.7911285346365,8.94371009429906,98.3257839101297,6.4540716657349,0.49257771744222,0.291404633125985,0.492691592736469,0.289748427854691
2003,"sec",67.6643285603715,5.24995425400841,67.7933812779498,4.76213185268637,102.113914666335,7.02338080552651,102.305379784939,6.24748028140496,0.486659010911487,0.249373236443626,0.486272461072527,0.244521191713181
2003,"southern",74.3112601765853,7.19203276988305,74.3615411076711,4.00449218678206,102.882377716211,6.17740108698107,102.952174686019,3.80687436577179,0.495083897577516,0.200234181082942,0.499842729482707,0.202113288780029
2003,"southland",66.3842778433687,4.77977659583301,66.602774498229,4.37145037267619,97.310162395188,6.3955454175565,97.6350263498791,4.85378953624562,0.499973468865312,0.240366529536682,0.498621070078656,0.241127441695768
2003,"sun_belt",69.7613784907902,5.10583287882808,69.8708704693999,3.98886350859153,102.847793882299,4.71170059974255,103.018480204657,4.75270047882786,0.491333534266691,0.213117788975984,0.493619536444582,0.212854825548922
2003,"swac",70.3317042606516,6.13327152897357,70.5041353383459,4.98239075822922,97.5724371892913,8.3686324389034,97.8054484671048,5.12574761569144,0.498895411006069,0.188905093031078,0.496878794574222,0.185567695203395
2003,"wac",70.0409398496241,5.0172460735584,70.1236883876358,3.27363363948687,101.077816701017,5.71322119911759,101.198484195594,4.49210920442374,0.500537577224446,0.207955580660115,0.503023059216965,0.212615422761022
2003,"wcc",70.1654105392157,5.64426853983225,70.2805453431373,4.21818926276477,102.616993883658,7.18638776273103,102.786018619458,5.13213889526207,0.488139897378535,0.237437394713969,0.488713721342561,0.23677833191592
2004,"a_sun",72.8844660609483,5.05396978417873,73.2556020395941,6.72330331794339,103.160609845965,6.18796880988106,103.666361733617,5.98290349526324,0.489563125394602,0.271157612579382,0.486505738254328,0.266200095652571
2004,"a_ten",67.5740611741773,5.76777424445733,67.8080696021099,6.78670153375193,102.0584989627,8.04149522924887,102.413336424968,7.78740480760034,0.49643261673122,0.298352034426586,0.492639646402745,0.299662420014605
2004,"acc",74.0131865611742,7.07422762990393,74.1107862248213,4.78364532016722,103.456007428506,7.14935705098476,103.608338132247,3.79325055029794,0.496975111874044,0.20586948542955,0.498177953956944,0.207753337146076
2004,"aec",64.1608020050125,5.79794413685765,64.1764536340852,3.83237958676798,96.7986171756995,6.66403523401148,96.8219248183612,4.45440264597138,0.487800031955843,0.249645040962261,0.49025677864712,0.249104674319201
2004,"big_east",66.6686016511868,3.61305551091292,66.9088284436582,4.10734077774002,100.879397951124,6.47046352481159,101.241083117435,4.68056152216783,0.496111293029934,0.234447377324668,0.49330434745328,0.234779774009673
2004,"big_sky",71.294568452381,4.81447665262637,71.3933035714286,5.54788793608017,101.999417012982,5.32712974119539,102.154507036897,4.53191314354969,0.491531285273125,0.148924937987768,0.488189545109206,0.151931130491306
2004,"big_south",64.8813448381302,5.69802529621375,64.9311432175209,2.32905686007859,97.599038226495,7.53989104800351,97.6682170026749,4.24358195387035,0.492702642261741,0.252533243549434,0.495607928440445,0.253005417950849
2004,"big_ten",65.1948118960503,4.88069205290373,65.386918722832,4.61471900397015,102.436174607071,7.36593953415783,102.745776239919,4.93489184295897,0.494474287663818,0.244276187435791,0.492588176047472,0.243423320903675
2004,"big_twelve",69.713629457631,4.82526144237164,69.9465209694989,4.63561781093293,104.178051828691,4.79929402865125,104.539438891818,6.00387236364828,0.497528984127509,0.218691871067472,0.498881042324685,0.220307455121762
2004,"big_west",66.377033492823,3.11039947274945,66.4397581073897,6.06600370761404,101.78716152397,6.22826550097341,101.881802635698,5.04320863354683,0.49005958873204,0.238899536168023,0.483057252850602,0.239331068094574
2004,"caa",68.6047744360902,4.67950465847302,68.7227192982456,5.14734074173002,99.9415468519401,4.51355824021797,100.118454155384,6.31988382202454,0.503109637099795,0.222957355659058,0.504012020129072,0.220824493288596
2004,"cusa",66.8775293011942,6.35019006468587,67.1517043220797,4.14184139529988,99.8870347896338,7.34442223326543,100.301867879429,6.60078215459822,0.486890626141388,0.273232355458393,0.49099372429675,0.270099728473654
2004,"horizon",66.3125406107862,4.74290175497179,66.4850743416275,5.61064142719192,101.562467360224,6.28494014832203,101.83777183368,4.67635899521668,0.506300241004825,0.243237299365068,0.502525623315111,0.249007092723238
2004,"ind",70.5416666666667,6.02368012283373,73.5416666666667,7.63444315076235,100.461806754147,8.01847154462261,104.578337828629,8.33662335856077,0.402522540256439,0.341954478536358,0.402217445705529,0.344201298121695
2004,"ivy",67.7053571428571,8.07467313331707,67.7053571428571,6.18205782254443,99.7402310430525,10.4233775750142,99.7402310430525,4.52854778191597,0.519138547840868,0.301788285871788,0.51286947878921,0.301509522729984
2004,"maac",70.9961904761905,7.14388468921653,71.1457268170426,4.63754741003728,102.030913512559,8.14366733566763,102.234740039298,5.32111144099055,0.496058166174368,0.267470879828877,0.498687639213917,0.267225280963005
2004,"mac",71.7511374590322,4.81626582931042,71.9405822247927,4.97811002102475,103.869401155951,6.17372912033432,104.143714549339,4.374325160754,0.489014283214047,0.208577706055329,0.486821094902877,0.210590122319349
2004,"meac",65.7822510822511,4.67355841718274,65.8905901116427,4.2697987964564,97.2137647296233,7.22232545030449,97.3747605369411,4.7441532619527,0.499200025774784,0.223761702763947,0.496522148047435,0.22410534145734
2004,"mid_cont",71.7919724419982,5.24605189112956,71.9801437144058,3.60650610891432,105.593617013935,5.12183416657874,105.873056684606,3.89785815005888,0.498773412109601,0.183199746329504,0.500918370558284,0.189684154260788
2004,"mvc",65.1633834586466,5.262250383165,65.2319799498747,4.15344800219895,99.0118065250837,6.02494978643425,99.1123504163176,3.6336921137929,0.490963833222899,0.216363727376335,0.491727302228944,0.216279877633595
2004,"mwc",67.1062806372549,4.11103774605716,67.2154411764706,6.59138461392496,104.586688863784,5.27231523964273,104.735312582807,4.26318168251963,0.501507674767457,0.209352767951775,0.493692386444468,0.208079587326957
2004,"nec",71.0045454545455,3.12238675086822,71.1204526467684,4.53434678996301,102.238922638439,2.92053885344022,102.403630070366,3.23018350838133,0.498030564365329,0.119681469683949,0.49577688301113,0.120562731421119
2004,"ovc",71.995385355099,5.20252112708349,72.3201793476561,5.74580932424505,105.731696006504,5.33169941407883,106.210616096466,6.32578817885793,0.472726950750248,0.211382876824186,0.473701577955338,0.211331682231089
2004,"pac_ten",73.191223893066,7.92328684206351,73.452694235589,6.95462329039144,103.880906598837,6.06298868060981,104.254510067309,4.94909936138799,0.477480674498269,0.208665180836859,0.47846988876468,0.208943246847869
2004,"patriot",63.5130514705882,9.10462437408801,63.7561887254902,5.41587655959444,96.617755350246,12.2101318805421,97.0097336447106,6.72733618644362,0.52864251339202,0.322634695421477,0.531900399201417,0.327845488573347
2004,"sec",67.7732771471162,4.79382464829109,67.922342621259,3.03405392947485,102.331642472888,5.80667168861549,102.563217364824,4.69238158750618,0.489064980464578,0.209320586069551,0.491320260877897,0.20954181581761
2004,"southern",72.7280128425639,6.66035341163232,72.8990798073615,3.67942897151579,100.65661462165,7.38334875380823,100.898381896244,4.7883451553486,0.502036608606525,0.221337959492032,0.50627704177996,0.225971682453406
2004,"southland",72.6231568783813,4.18904920868922,72.8582946336429,5.14168063062188,101.163582684302,4.64445162448311,101.496907695316,4.2245093189115,0.500746109748608,0.180723878067243,0.498145820561153,0.181500368424403
2004,"sun_belt",68.5697871572872,7.67187131911915,68.8876803751804,2.99534353029849,101.212709038792,8.79985668216485,101.698803778429,3.01060972162556,0.497487264922798,0.201303113936237,0.503210175308139,0.205053553035377
2004,"swac",66.0289139515455,5.32171689578882,66.2093650793651,5.20837373138466,94.36495112276,7.48078535653553,94.6295489962672,5.38939721669711,0.509097464019824,0.250545821934455,0.503593864161903,0.250814020587038
2004,"wac",68.0227192982456,5.74759770850874,68.1805639097744,3.24457936329051,102.204737588064,5.56820040015477,102.443306604244,5.17749996368087,0.495499873328803,0.233782044282108,0.499540069575129,0.236438606225467
2004,"wcc",72.5099264705882,6.52173920664422,72.6417892156863,6.14349713257076,105.336274969044,8.90238145357769,105.52495856435,5.93922431100377,0.473217689817415,0.267896496626997,0.469892376253775,0.270609474573805
2005,"a_sun",72.1118354636141,5.3654772702829,72.2169874920863,4.59122941381113,102.615773666719,5.75277418459662,102.77071838477,3.51505405366432,0.503031401741228,0.153804818241438,0.501970350185511,0.151625066478857
2005,"a_ten",65.1807992202729,3.91800463308592,65.4262842563926,6.03297079920654,100.416679974029,6.4368492132745,100.795643586281,6.91365365958157,0.500257770350423,0.275665829807632,0.495804480255873,0.276950133850815
2005,"acc",74.2829377364981,7.33787192202805,74.4039622228477,4.15952987383387,104.261358526342,8.48426766979307,104.434948058131,5.12414626718601,0.47696451293155,0.261491728058454,0.479873838906815,0.259239690748329
2005,"aec",63.8343609022556,5.78949518597706,63.9822932330827,4.83135287881837,97.4096579862104,7.25501801645862,97.6290609723981,6.65890694043456,0.490417836266147,0.286694073399117,0.493045684581563,0.28569095664747
2005,"big_east",68.0533263817223,5.3411800519838,68.1290749340672,3.3207729399277,103.821712914536,5.89544397136835,103.925668247245,4.25639622330076,0.494530404932093,0.219724918648136,0.497315855158382,0.219421755439941
2005,"big_sky",70.2081232492997,5.52850089577927,70.3877100840336,5.174793802845,99.5268046834854,5.70637953761613,99.8018871077882,4.76841438490849,0.498771979844665,0.176050093156397,0.500145041558075,0.179929369132157
2005,"big_south",68.3160833046669,5.56560717839977,68.4848808431755,5.69407414382979,100.851050569924,4.87631797715008,101.106525608623,4.88413775477092,0.486240557330002,0.194741225162759,0.485079392534783,0.19945387297235
2005,"big_ten",64.6196484973575,5.38226033125549,64.811176783313,3.95909398276626,101.473430335194,7.80657133004454,101.777818939282,7.0238779907289,0.489109094600135,0.278534842921928,0.490875560900378,0.277407592813763
2005,"big_twelve",69.3930885219585,4.40148578676049,69.4957430340557,4.10512073720222,104.412445548028,6.42322514222455,104.563421527031,6.58259358985696,0.505418179931289,0.226197578526975,0.50645973923665,0.224901542390062
2005,"big_west",65.5080994152047,6.45815533353316,65.7540058479532,5.92919079429422,100.575307090084,8.801890883149,100.946922009012,5.7091136132362,0.473583342214192,0.281540155242428,0.470735736530475,0.284483566969583
2005,"caa",67.7196240601504,5.21462557837219,67.8617919799499,3.80228076217628,100.840044153147,7.36874447687903,101.058196907244,5.57822596666105,0.506898093962494,0.267290724435497,0.508005658415875,0.269842187277678
2005,"cusa",68.1226598972923,6.45996707320448,68.415383126935,4.91878167841404,100.751142773077,7.19280990245209,101.167762695063,6.02290599544499,0.48889560156582,0.259662993536306,0.492146175742899,0.257587954112066
2005,"horizon",66.3418377097428,5.20189232065087,66.4829912471811,4.43860160869776,103.106596327764,5.36979537457108,103.322336525443,5.82885733444327,0.497338971665414,0.221249424040275,0.500093332898834,0.219828293749875
2005,"ind",69.1385416666667,8.1897716617151,70.3833333333333,6.75998379823361,99.8901587852314,11.6621931642284,101.787373212733,8.85627081330712,0.484117497162634,0.360355667707312,0.479524056731835,0.362608649324333
2005,"ivy",62.3214285714286,5.20750187726796,62.3214285714286,4.5469690029406,97.9669629874729,5.24035100195503,97.9669629874729,5.9197311681174,0.481017828622766,0.218846937526716,0.482715400806683,0.216215823513022
2005,"maac",73.9477819548872,5.98060316040827,74.0595112781955,4.06257973990915,104.35124488292,7.34536259984257,104.510806905583,2.9660124839054,0.497246841104742,0.173714779913578,0.49673135494543,0.175740917173222
2005,"mac",69.8994479205005,3.39389150977807,70.0341185130659,4.48970179055251,104.303428666916,4.70259274704692,104.503772547148,5.15777781008974,0.50719003789592,0.190832275842678,0.505484373484628,0.191388170091387
2005,"meac",65.4592503987241,3.67785891110483,65.6693210298473,6.28429572338236,94.7565999670171,7.30478482819022,95.055439306233,6.42091736974469,0.523929056341026,0.274606947807521,0.515551661903212,0.272944700111866
2005,"mid_cont",71.30916513779,4.61149450109211,71.5386375797883,2.93034500084058,106.580972739474,6.17991698466444,106.925432025138,4.50519743449188,0.497551894697906,0.219592830478119,0.498889049529959,0.22139428673207
2005,"mvc",67.8621303258145,3.24304114739456,67.9550626566416,4.1399539675358,102.864241506122,5.31747267439195,103.004842873652,3.93471132589507,0.497360724568913,0.184492496704213,0.494407234297505,0.186222610608292
2005,"mwc",66.4085784313725,3.8043812824128,66.6356924019608,7.04441299379651,103.242381818668,6.36372044983052,103.609006781286,5.17510576644363,0.490751058109833,0.254066837482219,0.480599835927186,0.2594107569197
2005,"nec",69.7453861927546,3.52907525420883,69.9269347611453,4.85762765162118,103.02249568834,4.74113446264948,103.288980963573,5.38624055029389,0.495280777354803,0.1641805174588,0.493448337741704,0.163646045511882
2005,"ovc",69.4418156018388,3.03884139455384,69.6845916596304,4.67620599991124,105.589867179182,4.54661578270323,105.959282401201,6.21585800230165,0.498763866124069,0.206173011876566,0.498114084727349,0.206394633669851
2005,"pac_ten",72.4219715956558,7.2483872944615,72.6842230576441,5.59005847155724,102.804026309234,6.91269573994321,103.162835620038,5.56431572099425,0.481841524156505,0.217216931783035,0.484831552237252,0.214626312242737
2005,"patriot",64.5067401960784,5.23338046231375,64.8961703431373,6.99077913053694,96.4687266801405,6.44761715807422,97.0816480469135,8.13318247035339,0.494773684713234,0.292971300040523,0.49221743234104,0.297290081547482
2005,"sec",67.0598698543745,5.40701808113253,67.1918931315216,3.93803538679858,102.318210704593,8.48687825746983,102.522718739595,4.84771860282957,0.500281906715077,0.26658980976559,0.498751013381334,0.267286240470011
2005,"southern",70.6133184267859,5.49092424623352,70.7276688453159,4.69736030074672,99.3158513213881,5.52976708074114,99.4769883929788,3.93705335793867,0.49706837834459,0.211968824511867,0.497287319757883,0.212605026212219
2005,"southland",69.84391124871,6.19127383644708,70.1360763204803,7.14608155723873,99.1399740141694,3.94630140286985,99.5649715667857,5.95602398964268,0.493381969003102,0.210433630566787,0.491869489865652,0.208838954582957
2005,"sun_belt",69.8674019607843,4.24632997339861,70.0327317290553,4.38514415673218,102.379470859158,5.74234546079652,102.616528314622,4.63625463041689,0.49322540989333,0.206233677270105,0.492132684691255,0.20558422054262
2005,"swac",64.1159857978279,4.2124193333478,64.2583124477861,2.92198813656906,90.8805973627724,5.87885775732214,91.0780743350554,3.17310464516902,0.49467531449523,0.189460279555469,0.493725139074399,0.193696087770114
2005,"wac",70.4277136021873,3.76397357646707,70.4262098427888,4.38392855350855,102.046961879569,5.32501115890256,102.047935829992,5.50140584692856,0.504128548647496,0.213067331066694,0.50381332044193,0.21276678686772
2005,"wcc",72.075,5.74585426806504,72.1609375,3.29370637338958,102.907962844357,7.21201326244554,103.031985678058,3.35844988474915,0.488662241903564,0.175513670625214,0.489283906706293,0.17541532791297
2006,"a_sun",75.6173699159865,5.65791878171649,75.8675290453947,6.36141844273938,105.276349910897,4.64884225485677,105.632220773747,5.4553388102443,0.492665455382082,0.21772846479543,0.49189413531087,0.220308153825858
2006,"a_ten",65.2449331048209,5.68348264986314,65.5249087793012,6.63513915650104,101.527177216799,5.49765521291048,101.965660705674,7.73090922105248,0.504141694279198,0.229536034521076,0.50561399854784,0.232448889807107
2006,"acc",72.7786521041165,4.82721625402411,72.8453302373581,2.46448333476011,104.886950746746,5.83992404286856,104.982211225275,3.70891168518845,0.488844272431469,0.167337983842296,0.489964637523317,0.165834502792974
2006,"aec",64.2028054886672,3.41248322852864,64.3443985781447,4.89074736006772,100.082645646658,4.41760641613244,100.299537161949,5.95799038733968,0.497282369142968,0.212663777487388,0.495603188893542,0.214018783122044
2006,"big_east",68.7668725275198,5.75329699569267,68.898340750774,4.01119697170133,103.705169848121,6.71510635175468,103.914006490528,4.0010843893959,0.490666203846308,0.181861272094554,0.491265840206893,0.183365746776211
2006,"big_sky",75.6610863095238,4.66203181108169,75.8177083333333,3.35898050235256,108.637048633278,4.26874260072448,108.870889447134,2.68687710115065,0.491039655018839,0.142146266972302,0.491938628178151,0.146313827944537
2006,"big_south",69.9958242556282,4.1548374419646,70.3176814585483,6.07155459713747,103.824754931621,7.11729378803961,104.298784944442,6.44254973080202,0.48897385194699,0.261712375711687,0.484753745868137,0.264420653927333
2006,"big_ten",64.9442411733433,4.17766067211948,65.0498326922475,3.48032850199193,101.075804950509,4.67725259622841,101.232679008042,4.99775888244951,0.49512885645176,0.204748599642497,0.497372332191175,0.203387477939912
2006,"big_twelve",67.9011151244123,4.73960258878282,68.0840786607041,5.20743042620299,101.109561218498,5.99357642332034,101.389310766411,5.8537885365442,0.482783509048839,0.241074938967078,0.482339322648605,0.240174539418518
2006,"big_west",70.2139093137255,6.19427843998981,70.3489276960784,6.44137412606391,103.19481422901,7.37154900185958,103.38061720653,3.89292839943385,0.497666632352623,0.236389623176829,0.493257609057124,0.238382774129649
2006,"caa",67.5889933166249,4.44686715887742,67.7673036758563,6.66263321248581,101.10868963787,6.32722693511172,101.375688087234,8.44387080803895,0.50931119137654,0.284225436455311,0.507135711587236,0.285224926646121
2006,"cusa",64.5343137254902,6.00256294163168,64.7611928104575,3.4059870223402,96.9424594869305,5.91887052149747,97.2683855222604,5.8030612094198,0.469360230515109,0.255905921998228,0.475480521606953,0.25301288184776
2006,"horizon",67.5384130260291,3.49227082452367,67.6298589611283,4.24641158254363,105.610124552153,5.87241776016734,105.748882208271,5.31492276170104,0.49274803847661,0.206495331990826,0.490103332844943,0.211386187581093
2006,"ind",66.6041414141414,6.59343828643353,68.0758585858586,6.50495352783392,100.452908065127,10.0763306578312,102.372113420828,6.89665174506052,0.44836311231682,0.290446468515973,0.451685602332727,0.28548682692669
2006,"ivy",63.8482142857143,3.52902118508537,63.8482142857143,5.50197916947539,99.5874570780436,4.15670015174475,99.5874570780436,6.45267908092521,0.484866283540061,0.229365774183108,0.481346446849582,0.232202458398819
2006,"maac",76.1907063112326,3.16914010905353,76.2903998632946,2.53099328377758,108.619470803554,4.22278866948736,108.774420715786,3.95139819463493,0.49308924656537,0.171506355264138,0.493274088271858,0.167523679724219
2006,"mac",67.2858082706767,4.40740876676714,67.4663904078378,4.36778159633245,101.255740354996,7.26782985140293,101.520416319606,4.62401671113691,0.501807526129115,0.244131080859528,0.498783200714824,0.242088588362468
2006,"meac",64.8262298307753,4.23800526719728,64.9962074608008,5.14091847396272,96.2647324706076,6.21112154047096,96.5228597863663,4.21657522751345,0.507186230864666,0.205607590586274,0.501722340297318,0.207310593354847
2006,"mid_cont",72.4005370179261,4.76995327521437,72.6649872912128,4.32508754298703,107.145139286525,6.58094300852829,107.533344513045,4.82509258770258,0.486899436954687,0.228782628814146,0.486267835466954,0.226416686251103
2006,"mvc",63.7424185463659,5.1258572199535,63.828671679198,5.11266126086787,97.8667847740961,6.50710806639667,98.0032471742951,5.86595801622556,0.506069515177692,0.259979238559874,0.504891374228497,0.2585540543568
2006,"mwc",67.1414593127699,5.67193683578258,67.2012192791346,6.22468959094148,102.676250401749,6.47046915014611,102.764374327223,3.74626567151186,0.502552445059407,0.200571874006861,0.497977818239308,0.203112713189321
2006,"nec",68.309265588213,5.05513221402979,68.5229816966659,3.81670244857076,101.345127012383,5.33875203667678,101.672204954331,4.75671088162073,0.493823952145061,0.195748216308539,0.495744983488355,0.196261189146148
2006,"ovc",68.9313476378694,5.49366284171031,69.2143199356638,4.85422722001625,105.24345911774,7.30596589876566,105.689348488739,5.47203658706299,0.488980111472146,0.231558185784459,0.487584977236407,0.231589336345219
2006,"pac_ten",67.0156390977444,5.73294806585534,67.1362406015038,4.96512104491096,101.378835196476,6.18877263398135,101.568533721851,5.13181120865356,0.489834208110846,0.222683788704051,0.489202681973338,0.224868225099736
2006,"patriot",63.2741115196078,4.74213578686109,63.8027879901961,7.92346931210764,96.6891031177986,7.68687435681456,97.4984563289652,10.1436823749283,0.478834124681793,0.358679627788057,0.476515309499656,0.358918217861703
2006,"sec",68.9086672973283,5.46909049427606,69.0796296296296,2.99835714616865,103.355359730953,6.53165034157863,103.619461440485,3.70139681584472,0.494972871936833,0.227085636611113,0.496830665705966,0.228232610624261
2006,"southern",69.1834150326797,4.48262206933431,69.198321449792,2.94007024320884,102.964608986317,5.01178811794393,102.977113310858,5.34900096785769,0.504067597651499,0.196824328133396,0.508515734826758,0.197468816723411
2006,"southland",71.5676931857272,4.84154681801324,71.8527476780186,3.48051762438599,101.948802868831,5.42242823181648,102.352697991656,3.54591022491193,0.489575442414052,0.196310111941588,0.490076931620688,0.195636996702145
2006,"sun_belt",68.8791295306001,4.9331262538546,69.0498291740939,4.3258453709564,101.244131362718,6.36096584860497,101.498205078732,4.369848375748,0.487505272051165,0.180154525620536,0.486474798480356,0.182237823099743
2006,"swac",69.0560693400167,4.35048449908202,69.2686591478697,5.67785425615849,95.5250672365611,3.59486966936489,95.8159357248712,5.98330403761256,0.500468460469497,0.198094505688541,0.499441299249647,0.197576489894976
2006,"wac",68.2540180789665,4.80985306778949,68.4649385582693,4.84789367182859,100.763124709893,6.60226177187759,101.089582869168,6.24712091583256,0.507049644521229,0.239657678683584,0.506673405660485,0.241305964128035
2006,"wcc",72.3720894607843,4.21994232678957,72.4710784313725,3.08149003531202,102.606681533354,5.92239110167057,102.744626120018,3.96410596415408,0.490839445176801,0.188442552539228,0.490671136123677,0.186939060899451
2007,"a_sun",69.5148830409357,6.51133450202221,69.8304344193818,5.3667534654913,99.9808505126666,6.80700053357286,100.436618814644,6.08450244003245,0.490563394832805,0.262363480402044,0.49297573330345,0.261899791273052
2007,"a_ten",71.8650993292054,6.39297562921541,72.062301894442,6.95354630469909,107.322185660895,5.94898955545544,107.611174549991,6.26126999680998,0.495228209935344,0.226642904119415,0.494939271389546,0.226326654086428
2007,"acc",72.6681458548332,3.98188063221709,72.6515666208004,2.92549594809985,105.581817322088,4.28630440934779,105.543338883334,5.44368206692053,0.495842570254749,0.179766859592098,0.49899355690377,0.180096038758773
2007,"aec",62.7258724152429,4.92541392624887,62.9006803501128,2.71964088193717,100.786710017447,5.79034657758984,101.067233303729,4.48388605509115,0.481666596502539,0.207140836582029,0.485511235272907,0.208350734581316
2007,"big_east",67.4572825292398,5.09360998889956,67.7671649251806,4.73267547150216,102.561490616923,6.66294331865513,103.055231990934,4.73823782919939,0.49116553396332,0.226076419380947,0.49007514891469,0.227730567376314
2007,"big_sky",76.1101125635439,5.80570492825593,76.3122730573711,5.72820026870553,107.075806562852,6.52848880991986,107.360473770487,3.95207246919847,0.499262418578383,0.173989893659584,0.497168039148557,0.176970289987167
2007,"big_south",77.1984068627451,10.0372644223937,77.452175245098,10.5485439707711,104.24797149493,7.42687256143099,104.632408868885,6.45634864213064,0.48460606338435,0.261827636272753,0.481642075588503,0.262997649069969
2007,"big_ten",61.9786878068612,5.31643608065107,62.2139350157926,4.96755264163884,101.048327812021,6.73948230728797,101.444139634646,8.15989607609365,0.501780246770964,0.271840287241292,0.504743012187455,0.272997969612716
2007,"big_twelve",70.0967062263502,6.57428856114159,70.2576252723312,5.8051568181077,103.171976049614,7.18862378283169,103.40078956854,6.27389465535796,0.481683823376127,0.255817177754741,0.48273526109833,0.2584665592918
2007,"big_west",72.8228860294118,7.74520411091238,72.9546262254902,3.55634004312668,104.805122154513,7.7266859734953,104.994442537092,3.57906929038683,0.493764589551606,0.212978328763084,0.49837963086487,0.215423390374501
2007,"caa",66.2879215083162,5.34974843656672,66.4716839447103,4.15177666375712,103.89168847223,6.83289017771809,104.184541790532,6.56089058166653,0.495667705251041,0.266544340287466,0.497411402270699,0.267172572585601
2007,"cusa",66.6627536979704,6.06093820161445,66.8413599357872,3.56927490218952,99.2852427604508,7.05562273007985,99.5577841743144,5.44328624249527,0.481741491627707,0.228614489003521,0.486787430882616,0.229061068643194
2007,"horizon",64.6948553300463,3.25421097477042,64.7915376676987,4.76266463241344,103.841789129606,7.03568681506959,103.998541579512,5.4223961125345,0.488510481229114,0.252607566958585,0.482087165103638,0.258374332334519
2007,"ind",65.6442307692308,8.44387933785979,69.8088461538462,7.45912597575322,98.4602784984547,12.6644904770603,104.839653665836,12.1691400541959,0.388961411998875,0.360828578112421,0.391280833992424,0.359218844544675
2007,"ivy",63.5535714285714,7.52205212834731,63.5535714285714,5.98062347442615,101.275023569864,7.09706757421639,101.275023569864,6.05785359346395,0.480605116376529,0.246521275265776,0.487121097551371,0.250422906380375
2007,"maac",70.2456766917293,7.20588575632328,70.3926691729323,3.04165688614573,103.688279384957,8.27205531187207,103.908006583933,2.11556220391448,0.490176022878885,0.214548610853003,0.49273436700931,0.215903026040516
2007,"mac",66.4206226350189,3.84602938060998,66.5877192982456,5.03513199667514,100.363608522337,5.75612869387196,100.613746738091,4.15403145234435,0.49056904162824,0.22643345800116,0.48643081027597,0.224964324439934
2007,"meac",65.0727158806106,5.64554913980492,65.2214627477785,4.86866173595068,98.850159531921,6.63156148264975,99.0899359644652,4.06808230177306,0.498655239179026,0.211703015375334,0.497030445487821,0.215843853820985
2007,"mid_cont",68.0450674019608,6.11292604285289,68.3229473039216,3.19975592767251,104.235052962631,8.27224251234102,104.659001355321,4.87060663090114,0.494023837336097,0.260956746056141,0.495144829679552,0.260498727174806
2007,"mvc",66.5567543859649,4.7958273606345,66.6610776942356,5.35548597827151,104.308717069546,4.81222347478341,104.473615751527,5.89426326158851,0.496524145166869,0.208041363990872,0.496363298309078,0.205451591852124
2007,"mwc",70.1413637579788,4.93505980000331,70.2537553032909,5.64460569087747,105.03978413027,6.45053278680801,105.205991127111,6.54374396636353,0.49668652797477,0.221736075104054,0.494725452194193,0.225169082546242
2007,"nec",71.9381294144452,4.64890914017571,72.1384635832004,3.98242109071793,104.520266471295,4.60144194595367,104.812089713556,4.38263502668986,0.48654747336066,0.155570696636622,0.487762644558176,0.154842625193318
2007,"ovc",66.5730549424225,4.9156192815608,66.7707278887121,4.62136165801297,102.600300147523,4.14330827655931,102.904444358303,3.74740379248713,0.489356420266182,0.185474009512447,0.489718189314612,0.183699922505017
2007,"pac_ten",67.7560275689223,6.15841953148829,67.7950250626566,5.1845841277287,104.62117862591,6.66765012994363,104.686106102444,5.21674405371476,0.505235574567759,0.232435796363324,0.506134021750196,0.234597875537826
2007,"patriot",60.2602941176471,3.80584465993397,60.6100490196078,6.05465202303454,95.3355245065548,7.21720994779674,95.893711312656,6.6387455589505,0.473047330648702,0.308135711503047,0.466963538179419,0.308766475071693
2007,"sec",71.327022417154,4.18433775406068,71.4847222222222,3.60759215632711,105.327761209975,4.51838662357069,105.563452977783,4.98538358707692,0.492662580522017,0.185247599792805,0.493832632108464,0.185160853231224
2007,"southern",68.5151856915015,6.67288154776543,68.6873319662793,2.64945888283387,102.247365506156,6.664776492533,102.50480828945,5.3857831259273,0.477278093197912,0.253378601108194,0.484310733964934,0.253345904349489
2007,"southland",71.9320497936016,7.59759328836686,72.2114346835225,5.96553344744007,101.692514879615,7.4143402811134,102.081134248392,5.17542938236122,0.478982253561986,0.218114177971036,0.480705480458979,0.218103347388162
2007,"sun_belt",72.1653977601346,4.92104863622814,72.2603843524896,4.3687093622837,105.305294911838,5.13171680989229,105.440268718024,4.6368546171969,0.498302941586449,0.151830044085498,0.499294280639638,0.153075389866479
2007,"swac",64.8389473684211,3.52497975684889,64.9878195488722,4.0102512414458,93.0599799471875,4.34611454630323,93.27663277041,3.25186812765998,0.494279941321535,0.139263514474348,0.49148416152315,0.140908030497255
2007,"wac",69.5622443909338,6.2482112520723,69.6298398501701,2.57959808047865,100.109723532535,8.2749936679711,100.207223491906,4.27693770312441,0.499088981302221,0.23067383980283,0.500611481375376,0.22945812792427
2007,"wcc",71.2359681372549,5.2822764380583,71.3422181372549,6.18298356887491,103.00120964229,6.46176259885894,103.148463123103,5.83758053197297,0.493017108168265,0.253311504537932,0.490212011293943,0.254132053956632
2008,"a_sun",72.6120176871918,5.67478732895097,72.8762649065474,2.99122950610482,100.099268450695,6.30675909166734,100.469790675192,3.10753608528017,0.48996581247523,0.189357113883155,0.491655141703315,0.193047162771872
2008,"a_ten",70.4975474839058,6.28020321836922,70.696481092437,5.52535553464743,104.892855670934,5.22819747109461,105.199159955176,5.13565444411502,0.490339634690787,0.181892309238421,0.491977874992597,0.179907456353811
2008,"acc",74.9126390322211,5.48680954116781,75.0697884416925,2.36058502078909,104.205690664528,4.70804652201969,104.429529780808,5.35160881179453,0.486107716988559,0.197685497754079,0.49132803231638,0.203285279280524
2008,"aec",67.473741543401,4.22969712004481,67.5644230401712,3.48606711232091,102.605058651148,6.389027700596,102.743593899597,3.56074385652231,0.498941374950337,0.202225565449834,0.497198399514032,0.20159314023844
2008,"big_east",69.1429805574542,5.63135235260248,69.3945920672894,4.76947017931549,102.40180802986,6.40195268432825,102.775213480807,5.2675855961822,0.491966204023761,0.227246098686691,0.492717559419341,0.224257250019222
2008,"big_sky",69.3158587509078,5.22149294591044,69.5372185911402,4.30977734022035,103.565713760427,6.59383393383355,103.88251549996,4.93552943851028,0.49094207742761,0.226253575149041,0.491320422291424,0.225659333890771
2008,"big_south",71.3450674019608,6.42990113920506,71.6494791666667,10.7344012604971,103.813488667049,3.93927024769154,104.271013292365,8.85009008544992,0.49769397569455,0.243758467496359,0.489346762771152,0.245960069867376
2008,"big_ten",63.1623283415149,4.63403941152018,63.2558451914911,4.70287348653727,100.609057649582,5.38678293538857,100.77187782512,7.54062931211242,0.500351527282094,0.264879205945402,0.502519513460629,0.268281736698529
2008,"big_twelve",69.4130690287811,7.09464649765785,69.5697024423805,5.50426594029589,103.088535097275,7.16329941102078,103.319076424796,4.26204751147788,0.476468881787772,0.222118249395552,0.478266821020773,0.222501943616961
2008,"big_west",68.1870078928257,7.60485935008398,68.4239723082215,3.58664238104442,102.351834689387,7.12476647258935,102.706782880901,6.82303798154434,0.494203115600037,0.302296078908549,0.50218712163687,0.301072991671783
2008,"caa",64.7668736234526,4.30638785566428,64.8697710184552,4.73727025750818,100.239269754617,6.38818366920376,100.398568123069,5.18992267508111,0.488575621544658,0.2188532107211,0.486693832684783,0.222196655614594
2008,"cusa",69.3038685357184,7.45988019355276,69.5367933723197,4.7915231233919,101.583796934058,8.50541845407824,101.926484835815,6.82906795392657,0.479844952772601,0.272707686419111,0.484532897893953,0.27367525429675
2008,"horizon",63.6008270676692,3.57435181151422,63.6874436090226,4.07405318715044,99.9788332854156,4.73146729402723,100.112784537974,4.20286100349472,0.494583073912144,0.195433899405486,0.493077556556779,0.196976787255181
2008,"ind",70.2438271604938,8.86007458429283,71.5895061728395,6.48591448931364,100.730407429228,11.9900892208709,102.86268795516,8.84817087988853,0.475900768114005,0.322463340925211,0.474345251879587,0.324610988380148
2008,"ivy",66.4732142857143,5.59882556145827,66.4732142857143,3.9804437209617,101.994361667527,7.9498033034779,101.994361667527,3.97463065172736,0.484914967932772,0.258176926511985,0.481765396704046,0.258910988908083
2008,"maac",70.8418421052632,5.87647838030145,70.9453634085213,3.29579218123473,103.983842265749,7.16202223309838,104.133029849562,5.0746986076722,0.500264436353671,0.227588858337344,0.503036200887493,0.22888208726314
2008,"mac",65.6602471763559,4.15556177386363,65.895315545809,5.17735786692374,100.258659028199,5.76047448016568,100.616816719999,3.8749415265417,0.491657785323796,0.222741274394144,0.487307806271245,0.223705765404997
2008,"meac",64.3618978000557,4.83838557419447,64.4908764967976,4.91065664210013,96.9480831045982,5.63692145084947,97.1417152353575,5.09774643106475,0.500556885787166,0.220673627205571,0.499247148761979,0.220457911923999
2008,"mvc",65.1031077694236,4.49753819909105,65.2174686716792,3.79019290260148,102.625293174523,6.18043996676996,102.810723363227,3.28988260118486,0.498050444181538,0.195183422803903,0.496486137009104,0.198915512410137
2008,"mwc",65.2489584527768,5.40683741627851,65.3696632649161,5.68869615317733,100.115920516785,6.05643551284755,100.299481241879,6.64242747214185,0.5053559732649,0.265425885396306,0.506414745984855,0.270844035197503
2008,"nec",70.2721994379889,4.65115975028615,70.5253626490469,3.75586037195234,102.110634643664,5.27795278593734,102.480038372626,5.48483909034157,0.490844272200852,0.219265602232236,0.492974483696789,0.219315153400259
2008,"ovc",70.9939881594032,6.54777174793725,71.1655989596701,6.0135667107072,105.290579646315,4.66464934330681,105.552170692614,3.91509337081283,0.489249249572265,0.165306293638288,0.490136421174539,0.17222267177461
2008,"pac_ten",68.3510902255639,5.00233459909418,68.5458270676692,6.26973187148986,104.730227101588,7.5903589536752,105.037955816841,7.12598717177181,0.522609805077403,0.232042798691348,0.517833767163028,0.235063676165915
2008,"patriot",65.6340379901961,7.24316539145091,65.7076286764706,5.70389325198442,98.8996606896604,7.18579800506261,99.0182321606755,3.48116067620476,0.490067899154947,0.138910882754408,0.490592423287477,0.143906750040341
2008,"sec",71.892318828116,4.61070987375989,71.9329864694416,3.93070926891109,104.836311167982,3.98697324974441,104.893141957017,5.36264834192951,0.494174637270326,0.159443702488447,0.497329430590311,0.156918082384997
2008,"southern",68.6951174648803,6.69432192386127,68.8402460517085,4.0368343070249,102.92690084447,7.26985989400531,103.145215878451,6.65015247145279,0.480613221772304,0.245739960842233,0.487012596363942,0.24695944552769
2008,"southland",69.7204986526774,6.80041158776125,69.8563829406031,6.81241092616974,98.6525200625536,5.96053914937256,98.8598000860351,4.29365819099562,0.489371283731806,0.189979162740835,0.486684626208928,0.19764276113848
2008,"summit",70.7138888888889,3.68763231270708,70.9688847117795,5.83953578749453,105.011688158103,6.88243601721178,105.402259555448,6.48481121525888,0.486952279683819,0.263830677905885,0.482703657665985,0.260669256636939
2008,"sun_belt",68.9024852340642,5.90291053519221,69.041326217642,5.90698404413372,102.997950724597,5.98647331331675,103.216823228383,6.51847241038481,0.484936679351928,0.216321981649611,0.485178974823114,0.219453039384279
2008,"swac",67.4291019214703,3.65178036025165,67.5658813700919,4.69847697532418,97.3801691503871,5.38046258544115,97.5732957027072,3.5820773329898,0.490532661073676,0.191895430345829,0.485043179275216,0.19107365386637
2008,"wac",73.2565072812751,7.23613707533629,73.5003057753316,2.50976689741562,105.307739103364,8.16168057990875,105.653614285896,4.85798156403521,0.485861498951087,0.266466125091501,0.491109434401144,0.267240105455844
2008,"wcc",66.8351715686275,7.46820670687585,66.9824754901961,7.22716889057348,98.6035381806726,9.42461270201164,98.825223957719,9.03438811494273,0.485355029379043,0.359681309975766,0.486868755872861,0.360270596277888
2009,"a_sun",70.1344968601886,8.02656049713252,70.4688619680715,3.04632854746925,100.531956525117,8.31562113279772,101.020175645643,4.88076068610184,0.487486742134126,0.26842614648354,0.494199166218817,0.269799717588311
2009,"a_ten",69.2749149221092,4.96370529609694,69.5239511155339,5.35256259917845,102.555220886191,6.13516621555322,102.922258841018,5.63958579992258,0.505490686875102,0.20966805869694,0.503939595952857,0.211550835771482
2009,"acc",73.2020697167756,5.23230898933882,73.2481653480105,2.74202976302855,104.411791656775,6.27457396207369,104.482049184752,4.01004953837697,0.492743144484755,0.185888406669832,0.494126138267712,0.188175661657201
2009,"aec",66.4549936933838,5.43516976629978,66.3737530099759,2.61005163911273,100.876684175607,6.10147000111245,100.743925593521,5.00488725082727,0.491620503778528,0.236690345636886,0.494663963720104,0.242877766242036
2009,"big_east",70.4342418546366,7.41912684393549,70.5384270334928,4.87488734038783,103.53249645001,7.50263319226006,103.683766066518,6.06000197149475,0.496281802005642,0.266435324484055,0.501612204863118,0.267168888760792
2009,"big_sky",66.460015097657,5.31001295247707,66.595987176547,3.31512283791036,103.152934847517,6.41755734137045,103.374370780216,6.06206117171197,0.508195650847336,0.245265832186154,0.511633512220798,0.249317974539486
2009,"big_south",71.546992481203,9.47802146313128,71.7572598162072,6.50320812202638,100.884020842815,6.42596943995133,101.183912746814,4.27804779763422,0.481402326991266,0.180725364668437,0.48859862575308,0.18622569833463
2009,"big_ten",62.3289245841877,3.1722651905757,62.4348257006152,3.72054858071925,101.457021508034,4.46238001694908,101.626469068507,6.32997372562648,0.505646921751813,0.211743308465001,0.50669077978374,0.213461342446321
2009,"big_twelve",70.6885176585254,6.52455335232552,70.7521714826281,4.49235333480272,103.66781266392,6.29024978990542,103.771994616004,5.50621750439841,0.495930210968683,0.233758809983545,0.499834730979982,0.233239235586052
2009,"big_west",68.8710703092153,3.84952431468975,68.9943336008867,4.45993679232158,104.695683052428,3.91186515736317,104.89066842331,5.08246076052841,0.495202626209538,0.157274116582893,0.494874398154424,0.15920461287474
2009,"caa",63.809388053467,3.81994274232615,63.9164055973267,6.42646843483937,99.1160773219143,4.84344704167345,99.2750115547226,5.75087202852062,0.50383842159089,0.235643132168776,0.498740888721917,0.234386515747905
2009,"cusa",68.4376648320147,4.29873665801806,68.6448371746359,5.76291117920628,102.783714702419,5.09738043271171,103.096762139918,8.97262048414198,0.476217190844431,0.249486174336146,0.477823228722073,0.250387607417877
2009,"horizon",63.8878924584188,4.64377832698017,64.0647402597403,4.05398590196674,100.094241778955,6.75997945260156,100.374131997199,5.15435010502329,0.494261641368976,0.245553328228823,0.493490718015902,0.247153658637573
2009,"ind",71.1385225885226,10.7038125111284,70.7838217338217,8.7816986178178,100.981423023535,10.3599598055517,100.441831789475,8.09345818454235,0.511870053923003,0.281891628349785,0.512657893247783,0.285327178150664
2009,"ivy",62.8392857142857,5.65398669945974,62.8392857142857,3.99740258233366,98.6269371178566,6.27743779923272,98.6269371178566,3.97035742970636,0.485050295068103,0.205587969575794,0.485963373739965,0.195745278385252
2009,"maac",67.9487468671679,6.48043650137736,68.077969924812,2.83536255426375,99.5200826356225,6.77032097837077,99.708467884174,3.30004613715936,0.48020484254785,0.196545970692987,0.483926378695072,0.19813319255723
2009,"mac",61.3855091159271,3.61035394016706,61.5536736039445,3.40259471493712,96.4056821172682,4.64917372587875,96.6686102983335,3.93292339208824,0.49711999051478,0.20380542622824,0.497185975952724,0.205573292202785
2009,"meac",63.6587197159566,5.10727105765321,63.8191555277082,5.17984754527541,95.4485913841309,5.92179485980012,95.7016472046764,6.08406913379742,0.493754138759679,0.214266811409531,0.493308056974665,0.217397584744083
2009,"mvc",64.6343483709273,3.69608408283661,64.7756140350877,2.09320466763358,101.373727233638,4.98920751127848,101.59826060752,2.89915534811819,0.48864387151676,0.187108358014078,0.489002818083762,0.188273881889237
2009,"mwc",67.1530405534534,6.29461379492113,67.2527997553797,5.09294833606039,102.949862515319,6.19903695697,103.096978370636,7.58189414614684,0.503475430025299,0.290157560487407,0.508767979548612,0.292403500066589
2009,"nec",67.8273258904838,4.51790161905158,68.1545568466621,4.00951466443639,101.02437703305,5.25727208157809,101.505976329252,5.49117120255291,0.480326902957816,0.24752209404304,0.481442560448804,0.245245423828239
2009,"ovc",71.0914445203919,4.55392179321898,71.1993468519784,5.76018363590956,104.294665109261,7.519118219534,104.477476367458,7.90898453413744,0.502839136037224,0.217332838472202,0.500355844836643,0.21942473569496
2009,"pac_ten",67.6225689223058,7.038972977394,67.7535839598997,5.64027409933866,105.352153362118,6.49061052666312,105.565494161748,5.15099843467904,0.502594834766777,0.225383021144515,0.504889446363841,0.228400235506473
2009,"patriot",62.3766237745098,4.25441701123106,62.6349571078431,5.11925703218158,94.5200294460453,7.59172447998281,94.9356991972535,4.98229323047843,0.47560718051671,0.253278585335052,0.466720502227578,0.262798251502444
2009,"sec",72.1129901960784,4.04532904577497,72.2680971218897,3.28686309343524,102.421537265558,5.70146415565347,102.64444880984,3.80410318738948,0.504463397897621,0.196094549249479,0.504247599849478,0.196321818795968
2009,"southern",69.8957666729406,5.74143597912321,70.0290580494385,4.88965865287471,104.401255289246,5.87731335788195,104.59532412664,6.11599242369765,0.487455631999663,0.236748605346771,0.48942469781734,0.235670652906231
2009,"southland",68.9591073271414,6.35578189746666,69.2158797729618,7.40914939303233,99.5052335976157,6.47059404879103,99.8926009441457,6.14744734731073,0.503907255822574,0.224801416677788,0.498768843204271,0.225847145864549
2009,"summit",68.3171762740184,5.89141146823968,68.562694235589,4.10313899874339,104.887652883989,7.12839374064961,105.260485645628,6.17107622780816,0.476377411057118,0.24884863127045,0.479272340652897,0.246962611639087
2009,"sun_belt",67.9685858001647,5.05053109256165,68.116967243283,4.30142433672161,102.935554347276,5.8536555093773,103.157006189971,4.50161969820441,0.492761297314429,0.193221168838009,0.492787783289959,0.19285982219194
2009,"swac",68.5989766081871,3.11085812692484,68.9120133667502,6.13770099898406,97.7624050422977,4.50927494168404,98.2111045193952,6.08952751288964,0.48900805100666,0.231541098950923,0.485031190622116,0.23128003769536
2009,"wac",67.4446355540267,4.8912908338568,67.5771318273898,4.6614320879139,102.784755349257,6.26548886678049,102.991824265397,3.93125819313206,0.490074446844818,0.172899373655157,0.487679146175689,0.172116719126971
2009,"wcc",65.2166666666667,7.81058119293491,65.3864583333333,4.6513922806843,100.099362666181,10.5295028582365,100.35727967583,7.1821010254855,0.470935059941214,0.328634397470171,0.474275721139846,0.3261689099301
2010,"a_sun",68.0921342162449,6.28082841103245,68.2524639392228,3.99084976012559,100.239007984503,6.88561317055202,100.476472734152,5.23692676370616,0.493979543852768,0.240986880829627,0.497232306031722,0.24091334913034
2010,"a_ten",69.7600496338886,4.47265820268712,70.0795616492211,7.10324108388672,101.30374762845,5.85918306078678,101.770323020094,6.67653946660025,0.50094184314011,0.252590648971497,0.493947104259943,0.253575339155866
2010,"acc",67.9822081756679,4.22699477787827,67.9954692695792,3.21511147830198,100.520172380995,5.07791516952667,100.541440370512,4.16386579235846,0.490583640590671,0.177069819075285,0.491102468513862,0.177578932148012
2010,"aec",65.4292966211826,4.55593231768225,65.6966660933379,4.33363942007328,99.8741840618506,6.04762654390802,100.274995605205,6.94303014010606,0.487957326447946,0.269161847374178,0.489688748693213,0.266787798988163
2010,"big_east",71.0042357313739,5.80142757706613,71.0949511562998,5.6232729752603,105.92806612177,6.1634254755483,106.070871679682,4.7244263290527,0.501771668723214,0.201531045267205,0.500436622704622,0.20271099464685
2010,"big_sky",71.0782498184459,4.63111276834754,71.4098082215342,4.83377468140106,106.797792341174,6.24696610783904,107.290386997977,5.88256788503695,0.4905478021783,0.241414988036929,0.489685994420244,0.238920507574135
2010,"big_south",70.8590434419382,6.70616576501471,71.1622055137845,10.1154977294987,99.5909099308396,4.5154766967284,100.027764965538,7.90547002738604,0.493862445671761,0.233831503189551,0.48885460298601,0.233295301308361
2010,"big_ten",64.5430073116676,4.02237183536959,64.6600664885354,5.18206336503173,102.937742012923,6.01259560605162,103.122046061683,6.88970336500878,0.50415878654211,0.253387169197701,0.503523861138113,0.254576666328987
2010,"big_twelve",72.5851536521041,4.72862464263595,72.7476206857012,4.28812132972101,104.508804622457,5.91820193257733,104.743282555556,4.9754458952042,0.492401800404102,0.23443642670355,0.492803505457825,0.234296352666482
2010,"big_west",67.9507677827466,3.6975341691265,67.9874536559263,5.13824389718749,101.415617191814,3.7278691846532,101.47071645462,5.9435541005976,0.498845389870577,0.149288281564239,0.497444634126301,0.154070690865475
2010,"caa",65.5562030075188,4.31775837603701,65.7341165413534,5.82903576034487,101.49201863531,5.59378308676392,101.762202168823,6.8009283669285,0.496022239806711,0.272871538756921,0.493337511556097,0.270773594434614
2010,"cusa",67.2184353858502,6.08463120142467,67.3782178075909,5.255788226227,101.353679426738,7.0494581972163,101.594130417529,5.87212105085094,0.501749553727392,0.242267797218075,0.502342706438655,0.243810362461622
2010,"gwc",68.5324437467295,7.07736329944651,68.6721611721612,4.22075666930589,97.1533624967957,5.10207680796799,97.3644157521733,4.26041125724327,0.482556328754709,0.168729998794896,0.489660138218527,0.173086023534067
2010,"horizon",66.8098872180451,3.40793283311141,66.9527944862155,5.07562299088604,102.071743904572,6.21764898297785,102.288295953968,6.30813712887255,0.49337822335423,0.238508346065164,0.490151620724196,0.239888670319514
2010,"ind",69.93,8.71705225405928,69.82,6.73281144842182,94.8194862323762,7.68239895055667,94.7172290985787,6.84681476512005,0.495561315691149,0.159543169073942,0.500712992795692,0.149173612893154
2010,"ivy",63,7.49285373825335,63,6.39423938995822,100.069818768579,10.8944571468003,100.069818768579,7.02601304446242,0.487003440221818,0.339077686223516,0.485017033207494,0.335627537430993
2010,"maac",65.9247994987469,5.76183742369995,66.0841228070175,3.84670689058256,98.8108225233929,6.50163432559958,99.0571536549666,6.16243824169345,0.498382463335812,0.229898066811232,0.502838698888647,0.229619088942344
2010,"mac",65.8848813209494,6.87729963221856,66.0255905286091,3.97246310562889,100.812687396289,6.71753002530878,101.034367598121,4.2561946625498,0.498929413134707,0.200079602977387,0.505597132178188,0.200256191150796
2010,"meac",64.8851538568644,5.83852400525344,65.0628306878307,4.45031668744042,97.8662701942494,5.25807712508262,98.1273886977218,4.55481209124611,0.484415175595428,0.209658658841892,0.487225439894518,0.216523882994068
2010,"mvc",65.7205639097744,3.34592791451344,65.8549874686717,5.27203015624638,103.085122426773,4.12526983137377,103.305076615447,5.69705594797272,0.49938866634628,0.189229956410824,0.494859991991011,0.191478361021823
2010,"mwc",66.8764476550854,8.29561107697133,67.1256736612774,3.72696377642166,102.030555728914,8.22634743858342,102.401120673183,7.10247696819623,0.48595855484726,0.321258436337335,0.496759763492035,0.320337946838857
2010,"nec",64.9452485380117,6.26386663016303,65.2611285157338,3.36953258482193,97.5373902125858,7.14010368458874,98.0233311597343,4.95409256721994,0.491351409225066,0.243728953526347,0.494998353891082,0.246529005477928
2010,"ovc",69.5384168755221,4.03788048194644,69.9302798663325,5.90424551636192,103.367262787031,7.74726318814247,103.947835665399,7.09532460171997,0.475987496599944,0.276711162137903,0.472214767226081,0.277090398213139
2010,"pac_ten",66.9483082706767,6.2966145333805,67.0253425229741,5.2340924157112,101.406780124529,6.41967087563448,101.519570712047,5.01182189966151,0.49209864337112,0.186388452688455,0.493207749506281,0.18262881313015
2010,"patriot",69.5542892156863,5.78402898340128,69.7162071078431,4.40626359572118,102.868160257331,6.29254992615565,103.108048003283,3.72046983741298,0.485293648308525,0.175871895101693,0.484689390331844,0.181582441554923
2010,"sec",70.2489393418186,5.40421880159999,70.4049277605779,3.75290815276161,102.544666902576,5.62888047701642,102.771109634572,4.85877726849453,0.493984488498803,0.181993388349617,0.497474927915397,0.181300479408271
2010,"southern",68.2671679197995,5.52514494126939,68.4032059314954,5.62071597511895,102.592694472656,5.93172997999719,102.799104977694,4.68603020320037,0.490449851751739,0.203306782898255,0.489551076094974,0.204552242766755
2010,"southland",69.6810751347323,5.48309610401468,69.9857635305584,5.93692425528551,101.838001163827,4.66581246885362,102.281717211939,4.83234049930293,0.485166499118961,0.194577955862836,0.484028805680011,0.193855592061208
2010,"summit",69.5938972431078,6.20868545594982,69.9683416875522,4.71112588639409,102.159567866484,8.08967168831881,102.704811928251,5.34228586516036,0.485725281859497,0.273500347485089,0.485938424942286,0.274184231432422
2010,"sun_belt",67.5903315982263,4.56945893109165,67.7079429342587,4.4142788065449,102.50418663053,5.14588341411677,102.677644946281,4.59694927756398,0.499791084182996,0.211542692585541,0.499680339255945,0.209908426674963
2010,"swac",64.6427276524645,2.72137068772529,64.8882623224729,6.14922039395421,92.5350475080958,5.2716861251062,92.8653643046357,6.40185256699514,0.510578698435168,0.26081652912794,0.504982704523286,0.255473214707294
2010,"wac",71.2230583266445,5.62630294243497,71.5397460153652,5.45718511100912,105.524704292493,7.66449072577016,106.009016269291,5.83990000239917,0.475481337509533,0.22652587044789,0.472459284271239,0.226300011060252
2010,"wcc",68.7189031862745,6.88341499990939,68.8618259803922,4.35725357170174,103.11015379598,8.6103795860709,103.33003408749,5.29597058966856,0.485739558116334,0.294910645549342,0.487749451937081,0.297815138709236
2011,"a_sun",67.6499897335866,5.6225016667979,67.931848125524,4.55478823264164,99.9710700423973,7.34383293295972,100.387883143761,7.04045718453208,0.462716771751433,0.266184203201501,0.464423160614586,0.26617337474191
2011,"a_ten",67.4477237824955,5.16475489119719,67.5935291660524,5.64401576399414,101.776997037411,7.14692777072373,101.991773154388,6.44890166266398,0.495717721448032,0.253520091392715,0.492698555720958,0.253619245275187
2011,"acc",68.0319774108474,4.53581851562869,68.2513616557734,5.22665368965557,101.41091511574,5.62359125579071,101.729862671534,6.72065722970102,0.506105629137358,0.221197626917,0.505306921300834,0.220249373888948
2011,"aec",62.3550242709169,3.81710951935588,62.4563505714177,6.16252247310322,100.219801523233,5.45796014005838,100.382236469865,7.45537425546337,0.503956366694514,0.234805763510479,0.501132758774791,0.238949492484736
2011,"big_east",68.1819753187316,3.41568482713091,68.2742113435763,5.31582281385144,104.418555832294,5.44380313483953,104.549327540014,5.69201844651473,0.51057067027762,0.209321059289073,0.506632604333227,0.208964640902166
2011,"big_sky",67.1831880900508,2.61982552759206,67.4729484386347,4.72973265490353,103.047101253468,3.97352939939602,103.499520775844,6.59878679479552,0.492475994616514,0.239343454925195,0.491735778941073,0.24349562664319
2011,"big_south",68.6555346700084,7.58106024514732,68.8823767752715,5.9734989450803,100.158428412173,7.39161913842815,100.489833177144,5.47116058895103,0.490410053565455,0.237368184029035,0.49237158887181,0.237915101633708
2011,"big_ten",66.296892023447,3.54861813531482,66.345207025829,3.79428303223224,107.068716806644,6.30647354801691,107.14072543529,4.39592004551799,0.494481476081171,0.211519942715333,0.492383394005982,0.21228672744498
2011,"big_twelve",70.3676040591675,5.49568928551512,70.5543372319688,5.74244029259153,103.941178329564,5.85134403641289,104.210451846844,5.27346506480665,0.483660873113853,0.223568046065416,0.482127735454615,0.223748735129037
2011,"big_west",69.0538785689715,5.1355718301187,69.1845139127776,6.96823255880122,102.57470376101,3.0242117110054,102.76121920085,5.18943733449246,0.497977085171039,0.171426706113725,0.494706856080225,0.175640973119754
2011,"caa",66.0477861319967,4.81957609539194,66.1564431913116,5.15229333586823,104.404913526774,6.36539160010515,104.585209009521,7.29887448850317,0.489835804976491,0.230978986689817,0.489923815349847,0.234502674307852
2011,"cusa",66.9017457860337,2.94742948179768,66.974601536521,2.97287604373337,103.243457143219,3.55076085064709,103.354794984017,4.61897887811408,0.49786158798703,0.157002017631874,0.498698234692737,0.160530248510281
2011,"gwc",74.1934065934066,4.2282009446634,74.2711669283098,5.40109487131427,103.093045299398,4.38659687265389,103.194131486472,7.05208220525052,0.501818617631195,0.239351972852725,0.502662053990199,0.243230683134435
2011,"horizon",68.9840601503759,3.86620277464481,69.1449874686717,4.35950461932042,103.188357467183,5.3043724959429,103.426115981067,3.68646071114058,0.501330805173681,0.204553708928742,0.498732305430136,0.204856171254023
2011,"ind",67.0555555555556,10.0075897124059,66.5833333333333,7.68385753815534,100.660996689501,10.7793626237802,100.331554415894,10.8288727662678,0.505541660310867,0.360415908927201,0.508150167290046,0.361745487066834
2011,"ivy",68.3160714285714,4.07677370223587,68.4619047619048,5.00765659311656,103.053573646674,7.38382953077576,103.287362631126,4.81543562227439,0.505973420964526,0.232786297374968,0.500417148290192,0.236218120316298
2011,"maac",66.6005513784461,6.01227779158527,66.7729949874687,4.52371396930056,99.5399756383551,7.09130891571986,99.7866748496721,7.34878226425822,0.495237099536184,0.27139296233869,0.499698270048889,0.271614445336435
2011,"mac",67.3934855521156,5.75767723267228,67.5754371631694,2.80511168759236,100.847172796166,7.06426170846292,101.12818941482,3.69840574231492,0.495691848936521,0.197432387905884,0.497892574783599,0.200972082875238
2011,"meac",67.6862432373268,5.0169744258204,67.7857522594365,3.89195490203452,99.3984633532669,4.58229592321217,99.5465219050564,4.67906516672545,0.494844630431287,0.191743936572213,0.497464701746208,0.191351488189417
2011,"mvc",64.373671679198,3.74779933364022,64.4839097744361,2.69578368558677,101.566006241913,5.98970456751674,101.745452659331,4.22814748566283,0.489646766168803,0.221004292559752,0.489182820599465,0.224956987856768
2011,"mwc",67.5220731567481,5.96347582747753,67.7909070060773,4.55697930988106,101.662562050593,7.2476105594681,102.057587344458,5.9106727665166,0.489278239638772,0.290180072287516,0.491407218659491,0.288111513016751
2011,"nec",68.1196811473127,5.20920879546084,68.3737990810359,3.81730511929404,100.969098734991,4.59640483624838,101.348022240531,4.92378728489615,0.486692531567893,0.190223158574042,0.490134626043669,0.193846224652783
2011,"ovc",66.7151461988304,4.09531202211754,66.7977401837928,3.81989755371564,101.49131216236,4.73215487271376,101.624960164002,4.32688140346617,0.492934921746361,0.22188797802145,0.493480287560118,0.216822166713612
2011,"pac_ten",69.7179949874687,5.41337982701199,69.7922932330827,3.88779230149232,103.021856515134,5.13633304839388,103.131265032545,3.92352018464825,0.495086346420594,0.174467590163986,0.497318692690261,0.176764562164726
2011,"patriot",69.563756127451,2.9824409941082,69.7795955882353,4.65132209044872,101.709983077648,5.10178702049507,102.029769403784,5.17291795294803,0.491415303521752,0.219482382506372,0.488770236652806,0.221328909275483
2011,"sec",67.4567853457172,5.21662252969522,67.6840098612544,3.07017702660137,101.890592930064,7.92280214790407,102.236858210401,3.87949735410245,0.497449786106035,0.229817382312729,0.497347331415701,0.230951023203501
2011,"southern",70.0273705096074,5.59233367852658,70.2417502088555,3.82559616149146,104.931291977504,7.23510946368779,105.261006399311,4.54087754288146,0.492660184753852,0.238759175083753,0.493186911477634,0.238989698667553
2011,"southland",69.5532389490884,5.87879409472012,69.7350110365784,5.51946377770408,101.325027779313,5.49463577478554,101.593460015142,2.92911472822158,0.50506717562991,0.173901702142596,0.503328542836879,0.174480078316737
2011,"summit",74.0046532999165,9.55773263067879,74.4373600668337,3.39595834066163,108.606211669337,12.0311697962099,109.236554651388,3.44248938269106,0.493575764847235,0.276297856913644,0.496527353804661,0.278284878656916
2011,"sun_belt",68.3296009631923,4.40163366138876,68.4061073844743,5.53502418540657,102.919700372576,3.52453167651111,103.042939211326,6.08085075703064,0.506976000434704,0.172286321473486,0.506862353544055,0.176087687927087
2011,"swac",65.2145989974937,4.72548987409683,65.3964076858814,4.51705978725945,93.1262883082417,5.38753905646985,93.390760381423,3.53290648551312,0.496202135400284,0.220493263168744,0.49485643210146,0.217063035121683
2011,"wac",68.6987993540496,4.46495761896465,68.8206364904636,4.76231923147757,101.144882088321,6.24338403206553,101.335386261595,5.31062577517764,0.488191910458742,0.224216515593694,0.485546866969108,0.228596821569727
2011,"wcc",70.1552083333333,5.72910703432169,70.2317708333333,3.24346484089271,104.599313610982,7.88219550923936,104.719815769556,4.52463202420621,0.493090703206819,0.251233039673968,0.493238322670122,0.252729033626431
2012,"a_sun",70.4175939849624,5.9737318340315,70.700104427736,5.32831072748056,103.574361036027,7.33799411276711,104.002008040158,6.46861690963075,0.484356864820654,0.245655076568365,0.482949665119957,0.249635452100885
2012,"a_ten",69.7526982284142,4.62362407473563,69.9856273649811,3.88129312799429,103.483029930453,5.62214107015965,103.841558662883,4.89768135009424,0.498711634449626,0.212889691755328,0.498481649768897,0.219855862524567
2012,"acc",65.8001089324619,6.62295125162767,65.9924750601995,4.1235782830232,100.127633687346,6.80881650237806,100.412878199737,4.85243248196375,0.496971816080566,0.255735911750242,0.50066338357028,0.256622372421967
2012,"aec",64.1834843099033,4.81130150256254,64.381110728892,6.49318154250113,99.04490330939,8.02633284281418,99.3487950248106,7.06337948239292,0.497490259428218,0.311742289976271,0.492669289948231,0.312407641135589
2012,"big_east",66.4141710811119,3.95533863057224,66.5180622009569,6.39850725590978,101.228414495013,3.58992304344376,101.382108190148,6.44315364534325,0.50435756214998,0.199363371014889,0.501241625494541,0.199636471612833
2012,"big_sky",70.4490286855483,4.44571379338625,70.7610294117647,4.88564431131959,104.688936522053,7.50971701673293,105.153700383519,6.60392978410604,0.484513500519642,0.261608480047138,0.483200190500772,0.261406158522703
2012,"big_south",69.7663107493251,6.11413003543201,69.8609989160228,3.88607923934793,104.038100149259,5.96455688523481,104.185114831018,3.4605619902548,0.486251002537674,0.164937223020271,0.488702402834545,0.163455364921693
2012,"big_ten",65.8995927318296,4.96747108435887,66.0986319966583,4.73500717136727,104.365004995637,6.26767567437316,104.674912793639,6.32562543992126,0.489509527381943,0.241516852176565,0.491914202644775,0.240445976397427
2012,"big_twelve",67.6512406015038,7.01991220141441,67.7949498746867,2.76040829432875,102.945431686108,9.54722172895176,103.175150920001,4.62826099444526,0.500884986123373,0.27277953560959,0.503635092609105,0.275368410184381
2012,"big_west",67.5258762374345,5.8236535599854,67.8554924893934,6.00530410879856,103.375379061128,7.79478417056593,103.87663060934,7.36518473755891,0.478466778830517,0.27040142157698,0.477310948157247,0.270554992336702
2012,"caa",63.6843671679198,5.20527796343605,63.9008980785297,5.08480630282556,98.2970582057777,6.60347407297173,98.6462100330598,7.45286457744924,0.502811891928488,0.286447097622012,0.504395310315064,0.288992239794211
2012,"cusa",65.0590987272102,4.90685824602094,65.2173804609563,3.90127945136871,100.5717619401,5.9372303354338,100.816049219717,5.05502738255584,0.475539687344067,0.2010685034149,0.478190108586802,0.204977290216534
2012,"gwc",68.6933177933178,2.83085593822365,68.8031274281274,2.77245659322144,99.432790814976,4.20506152944835,99.5933940206312,4.01908807232152,0.493362873220286,0.175834259681129,0.492901874680756,0.180600016625476
2012,"horizon",63.6922453861928,4.76251480478251,63.820967190704,3.38049872283577,99.9467814788331,5.82672886885326,100.158432382843,5.50859121987937,0.500791630013733,0.216159477547559,0.504409903607532,0.221270053475228
2012,"ind",83.3333333333333,14.1767937659219,83.625,17.005649932585,102.18839401024,12.5891041868221,101.951166811884,12.4613494950494,0.50120283456227,0.48422664149651,0.502275920347239,0.48490807279433
2012,"ivy",62.1785714285714,4.0783149781772,62.1785714285714,5.32897355816985,99.6524179681483,7.29685928826142,99.6524179681483,6.66148982218898,0.505853989020765,0.285760195610679,0.501948118164037,0.287753124774012
2012,"maac",68.0916541353383,6.64069545789334,68.2223308270677,4.92958582217385,100.93639952272,8.12657619795658,101.137226896753,5.86908376459388,0.495216556919844,0.278553052214676,0.495473049604695,0.27725739675501
2012,"mac",64.0885506249283,5.79808898484067,64.1217606925811,3.43473319032579,101.019462261373,5.73150882766822,101.07644280113,4.60166582022187,0.501149432326395,0.200639274906564,0.505673106599527,0.202079300342003
2012,"meac",67.5009618692281,4.33975607399076,67.5529768992617,5.81060184380734,99.3374583825522,6.65048418573801,99.4061054355938,6.37669177020995,0.504114028663217,0.233853778812838,0.500090147091213,0.234110271652622
2012,"mvc",67.5690726817043,5.96523695489674,67.7077318295739,3.92455979411158,102.546924527556,8.22202965781543,102.75246911843,4.70679699783681,0.491051153563994,0.239216840117682,0.49046852301109,0.238853136887878
2012,"mwc",65.644699754902,5.99608071268901,65.9154411764706,4.82191674188403,100.306598251964,5.88178963806794,100.723274314586,5.58781816602513,0.486320649482472,0.241566250293926,0.4891125611899,0.240914881476492
2012,"nec",69.2110554163186,6.73586758367961,69.5515420495684,3.93885196632973,100.942979023414,7.07064655094232,101.443636704471,5.12438123959931,0.493159909369319,0.251700908877622,0.497032702647666,0.253799712538689
2012,"ovc",67.255421865716,4.86746896076354,67.5344994058229,5.31596139293924,103.018596145856,5.21832654189816,103.446834967836,6.41686782429279,0.496988926529185,0.230645312318751,0.497127139300267,0.231801761411304
2012,"pac_twelve",66.0419229892914,8.061747966787,66.209996582365,4.42783613749683,100.23459512774,8.86339189244177,100.503169528686,5.75704658630164,0.507432700975925,0.272298837576742,0.51322753260411,0.274801645691842
2012,"patriot",65.8058823529412,5.67957027899033,66.2207414215686,5.64922207859269,102.165226501703,7.35652597354164,102.806382384467,8.53210391211364,0.488736061210208,0.320802193970261,0.491453725925659,0.322172576891223
2012,"sec",65.0756077284715,4.82424878537025,65.2724028207774,4.42763977435892,101.529095428368,7.97447303332696,101.850651324144,5.70461738268492,0.481983858225537,0.23917034079137,0.479142263708575,0.24337544153648
2012,"southern",69.2354854940381,4.96023185485324,69.3295625427204,3.84139609103998,102.305196012601,6.28222171213484,102.442372779345,4.11941691192978,0.484046881735291,0.183240877381333,0.483254904650476,0.183152435490918
2012,"southland",66.5443631034285,6.27483995942629,66.8964854947827,6.29934512037848,97.8934876607005,7.10483996910169,98.4178461568387,6.45963010128634,0.484438393011842,0.274998880995019,0.482284878274064,0.275254398244794
2012,"summit",70.7768128654971,6.58566012083361,71.0031203007519,5.90203718566726,106.791067725229,7.65686519258304,107.124443630055,4.72816219009899,0.483105667536154,0.220294013187501,0.480558644184994,0.214834177757491
2012,"sun_belt",66.5069250945992,2.97585618207932,66.636015078546,4.69614664741942,100.021528445617,4.84029393416755,100.217654514155,6.58685582582377,0.500536731604543,0.216866228678836,0.50006950836292,0.219766811970707
2012,"swac",63.2788721804511,4.01782859622154,63.490730994152,3.30933553182525,94.2709927287987,4.2852672566377,94.5752282249371,5.07142426885803,0.481285294886352,0.212635303614963,0.484888569480122,0.208830734829745
2012,"wac",69.7487132352941,4.71990681056306,69.9179227941176,4.88993178405446,104.757639133767,4.70650906226875,105.009495445817,5.62100476100325,0.492124800875643,0.230644933596285,0.493209173689087,0.231316592071556
2012,"wcc",70.2130871841914,6.4839207529734,70.3502465313611,5.12986327262595,103.617992162331,7.63466320333235,103.821522946138,7.47006270791813,0.499075402917354,0.305528229423134,0.501776251786168,0.302859176571699
2013,"a_sun",68.0227360066834,4.21829223082619,68.2835547201337,5.41349998779153,102.061231959915,4.60867234746754,102.457943739655,5.20157992221343,0.490625039336552,0.222921357865622,0.488526008968899,0.227994778718293
2013,"a_ten",68.754666000172,4.03878484100518,69.0444586880805,4.77851301507006,103.118002674229,5.56412195001093,103.556938606777,5.66049464687305,0.501063133028332,0.22060458127567,0.49987560248844,0.221448451894356
2013,"acc",67.3682330827068,5.5998226414777,67.4972953216374,4.7446830888577,102.135474526945,6.86026177040744,102.319745641927,5.88823198715432,0.491713554575997,0.245863405131734,0.491891776796371,0.248322096918659
2013,"aec",62.4225552306693,5.08854603057027,62.5884096816114,5.41861899502375,97.6286868275431,8.27609948846447,97.8949833879057,6.24009334306121,0.500662803457532,0.29084071821297,0.497857238024385,0.290002135918917
2013,"big_east",64.3299141793879,4.56702521203668,64.446222120959,5.97654137459872,99.8754624309195,5.61699156424112,100.054012198416,6.82590876220968,0.501036496621904,0.25058180960704,0.498587262204629,0.249104404882949
2013,"big_sky",67.8076544667454,4.18758459327752,68.0257182211728,4.02184742059175,103.301982326149,5.82256678416039,103.647432075712,5.08816859509206,0.475251696520112,0.200984237202049,0.474673762655341,0.20370575683249
2013,"big_south",68.4743349386538,4.94521428076373,68.5051284256393,5.20915002488278,102.805525366851,4.644238937284,102.853603123401,5.32949167957923,0.501384763249072,0.19321710945578,0.502020721137763,0.197645175115759
2013,"big_ten",63.740768588137,5.51881713257197,63.890507518797,3.89038331500447,101.002696360398,6.94079598969336,101.243637243954,6.07132128335386,0.502433459078009,0.265217985600328,0.505551975467548,0.266781023423203
2013,"big_twelve",68.1355012531328,7.439530697944,68.2733458646616,3.8078385520581,102.534071714341,8.41117667550478,102.750187388293,6.43380693681117,0.512788391443773,0.288321412021451,0.518710289137696,0.288272331162097
2013,"big_west",68.6548621553885,4.18438111347113,68.8429573934837,5.40577206830657,104.245447329927,4.38703844028512,104.53816933488,4.36645916846732,0.495887128621257,0.172119750739309,0.492546505510603,0.174237585390062
2013,"caa",66.943411559201,5.16139656399291,67.0214969241285,4.22985130853403,102.953272836141,6.26566509672135,103.075289614768,4.58380632891301,0.498917658470653,0.170490234543283,0.499358396652787,0.170516577280589
2013,"cusa",70.1087658382066,5.64050462603027,70.3050646428162,4.83924867169887,103.791161733254,5.11638694477781,104.082784823383,6.17771519151439,0.490246868566575,0.211140499466016,0.493493240556618,0.211302115509286
2013,"gwc",63.5185858585859,2.97572273975508,63.3438383838384,3.10247568433675,94.7467112056028,2.89040536946694,94.5031664165178,4.5912736276207,0.510629233282785,0.166416733977972,0.510958475590311,0.164324329295686
2013,"horizon",66.0914841570156,6.26424129839448,66.1890647097046,4.2322654774058,101.384338456689,7.4235707629923,101.552669339154,5.64828312640819,0.492285050278251,0.266718392948319,0.49542057343918,0.268050538518669
2013,"ivy",64.6071428571429,3.27727398630952,64.6071428571429,3.43727636431299,102.891138657079,5.99097585021337,102.891138657079,4.09223211582472,0.496323091806609,0.184826754336132,0.49356418037913,0.190561385812226
2013,"maac",65.8201503759398,7.08419262951857,65.8977568922306,6.08336829548257,100.685104831527,7.25520527345949,100.80803598104,6.01371216851457,0.507700522065632,0.2158974176832,0.509460951450721,0.221585437292905
2013,"mac",64.8994417211329,6.26841563754825,64.9757428190574,4.43405540294219,100.020461373827,6.43417256288277,100.142903469368,5.42099343329835,0.492770539828342,0.214434941414883,0.497466776618134,0.215422009826265
2013,"meac",61.1669709719245,5.22302086135968,61.3399526342251,5.17834067375856,92.3275229398686,5.97182047648477,92.594893424331,6.60851027103655,0.497729828788658,0.258545890352302,0.498937950435926,0.261888986818704
2013,"mvc",66.303984962406,4.30732048111661,66.4350250626566,4.23345627252292,102.973971970592,5.36702178965657,103.187641259985,5.49657238133815,0.492174334253508,0.22373624772385,0.492622911821665,0.227943600052889
2013,"mwc",64.7153422772618,5.16182889440344,64.8789320796545,4.32460810417385,100.703386924328,5.95384312097068,100.95368732662,6.2340821797103,0.494101727401199,0.231923808550633,0.497716205636655,0.235738716844904
2013,"nec",72.2979949874687,5.47220647960542,72.5619708994709,3.51411022634594,105.449686372566,7.75102790375774,105.832599314074,3.93998940054524,0.497127185402229,0.224954916818722,0.49721745875039,0.226583915026165
2013,"ovc",70.442572167756,5.69999590990625,70.6737813180828,4.18931152274557,104.891107434982,7.32409738105507,105.238411494282,4.60227963486388,0.482617098676608,0.232939541605209,0.482254112932985,0.233425366451179
2013,"pac_twelve",67.3389411027569,3.20943562443571,67.3615601503759,2.57897208837923,100.971440257234,3.00974797529164,101.003971853471,4.02866068168661,0.499093525078134,0.13514727217682,0.500849924714017,0.13469542476926
2013,"patriot",63.2913296568627,6.7763202407959,63.6419117647059,3.71459341814108,100.76840340318,8.79879250498556,101.351877786949,5.8214974242121,0.490005691096404,0.296997332589503,0.493685369902662,0.304106690515274
2013,"sec",65.6349982098102,5.27474380919902,65.778589330469,5.19727804906075,99.779460343843,7.45062416910224,100.010944304943,5.30455466548696,0.491409010065795,0.240447340397435,0.488627320384163,0.243600217799685
2013,"southern",66.2440580618212,4.95005019962715,66.4032790309106,5.79553453194183,101.654445709306,6.16688577555159,101.895622825736,7.2794975771979,0.481040814901282,0.229994403459805,0.48132520634093,0.227101743404145
2013,"southland",67.4826357560568,6.21172426933004,67.7003049289891,7.9870046194917,99.7551498903064,7.0008675226476,100.073344463566,7.18020536734886,0.499817940246571,0.270958379810231,0.493367259779957,0.272494431628198
2013,"summit",68.5185973512212,6.497538261397,68.933078202041,9.89375617872202,105.65235682263,8.00661555488974,106.296995867857,9.29752695283673,0.492134934989278,0.305442461550785,0.483689035249544,0.305850987823669
2013,"sun_belt",66.8070705644816,3.26971592323152,66.8907033348733,4.74211277561667,99.4855743747276,4.3423505166082,99.6085102964889,6.63792665503739,0.488062478363314,0.220216241816883,0.488260010872972,0.221871500953969
2013,"swac",65.138149540518,6.5578914278847,65.0694235588972,5.66502093726992,96.578625712421,9.93235008948964,96.4754006029538,8.22560926898691,0.505514080110301,0.293702032564746,0.505998205276638,0.295356082308932
2013,"wac",65.9526858813701,3.90332533378837,65.9912155388471,5.95484212714123,101.251004939748,7.71434407474843,101.317700144545,7.24483891211796,0.500925950244271,0.276656822153252,0.496321298581084,0.276163867698997
2013,"wcc",67.3442170240416,6.7209839676004,67.2949508848374,4.84550335053123,102.96415795851,9.84904353537948,102.896426305564,6.46206720309995,0.474455608226018,0.318915981426238,0.473330909264991,0.317135989058815
2014,"a_sun",72.4008395989975,5.02683039790347,72.7295572263993,5.07791504912486,106.461319833006,5.75074341594992,106.965202300701,6.87435873979371,0.485669730050872,0.252745014692839,0.485346896326691,0.256376486732631
2014,"a_ten",69.5151888015665,2.88008170861879,69.5819639596729,4.23845737891102,102.946468282748,2.84374063096816,103.047367168529,6.34784555996187,0.500813472198048,0.179718909470708,0.501873072771866,0.179205075037177
2014,"aac",69.906992481203,4.86621218376839,70.0896365914787,7.53141641027749,103.621788019393,6.00130989176745,103.889670778066,9.63465297066878,0.484559248531149,0.309037671313013,0.483608055647488,0.309647285487774
2014,"acc",65.8236675020886,5.24429397736322,65.9335087719298,5.45293753367362,105.239926051702,6.30618569449221,105.422222864093,6.25858196748722,0.49114989319666,0.224933817685228,0.490162746245544,0.226209187869119
2014,"aec",64.7193961892749,5.21254903119867,65.0392634636701,6.85547674912819,99.6410085584908,8.65834480313344,100.141125956249,6.76534354703622,0.463488351435349,0.303893336339742,0.457000401283068,0.305987827284466
2014,"big_east",70.6973182957394,4.4518594843253,70.7210776942356,3.28407285573388,106.906169765139,6.8370202447298,106.943328196743,4.73057314464765,0.497517562515157,0.208715812986261,0.497795225855958,0.21221078668769
2014,"big_sky",70.4783592560272,4.55963272340995,70.5870797187003,2.88684291223909,108.7787567916,6.55662695636761,108.949005785511,2.8534792386568,0.504520931004035,0.169033742371545,0.505750864557578,0.170897605976761
2014,"big_south",74.2981768145855,6.25982192569111,74.4657192409127,4.50867031697321,108.618990696782,5.21656533408028,108.866310350229,5.29841141628869,0.503698958522485,0.202875391061906,0.507687801420429,0.203373809925417
2014,"big_ten",67.0994152046784,6.03178321321756,67.1961152882206,3.49722442143155,103.784623443325,8.17170770250752,103.936127810294,3.47091035273537,0.491622277099523,0.197355917184056,0.492654249648009,0.197345967649372
2014,"big_twelve",73.019996582365,6.81383638860049,73.15338573707,3.20801527256092,107.563862550931,7.04160608594941,107.768842554553,4.47237335444845,0.509192043779868,0.20650137629877,0.513408354274705,0.209165992845586
2014,"big_west",70.1107671138631,5.23996457888697,70.239694415778,7.28028994268816,106.214374206309,4.08559450640082,106.415790482456,7.02875778143673,0.503063930168899,0.211326408213059,0.499471742408742,0.210898003923874
2014,"caa",68.488284982609,5.73734358320243,68.5973703321485,3.08348977798066,105.932306530476,6.96207456503653,106.095958520893,3.43711074536988,0.489859584846081,0.167344893529284,0.491972609767103,0.166343381847583
2014,"cusa",66.8825047837117,4.84718619324026,67.0692307899037,4.4581046344095,101.251021683041,5.67260069978957,101.525421237049,6.47458062309493,0.481073828506558,0.261266893947325,0.48352770440009,0.26353129189156
2014,"horizon",69.0383671597294,3.72831629333816,69.0210258762374,5.75718397679828,103.659826205716,4.72926753670171,103.636439992881,5.71743098922588,0.502454127573393,0.199103072962188,0.498407175510847,0.201102737308071
2014,"ivy",66.75,3.84730415630699,66.75,5.46216779016628,102.328757538874,5.63169321513172,102.328757538874,9.17917023865542,0.498131359330021,0.273868270283416,0.498532853325901,0.278338160194148
2014,"maac",73.3761956093972,6.9706589540298,73.5033964717759,4.58877029844788,105.619408288426,7.76362066216599,105.797181357564,4.65747354925612,0.486317911651508,0.204623415142816,0.488959240548866,0.204863096367839
2014,"mac",67.4134303561935,5.177166202664,67.5228459406091,5.34363677620657,100.830767299787,6.78527769706085,100.999578877361,6.53105983135351,0.499928053031254,0.194531635069863,0.499524555360698,0.196970744304193
2014,"meac",67.0124328543833,5.16176860363874,67.332229896007,5.27076162504983,99.8308520647578,6.75548817615569,100.319204800062,7.44416068304318,0.470322281030584,0.253541365593083,0.471536821104322,0.254205990410181
2014,"mvc",66.8113157894737,3.98666710771476,66.9167418546366,3.95823729427861,104.762046605764,6.11722886037467,104.931194828707,5.96577841504761,0.474146732727834,0.211985963608054,0.473015550829905,0.214399243998757
2014,"mwc",66.9482570061517,5.14710157227403,67.1474709501025,3.99481142275003,104.497134416684,7.25126028816787,104.801759578075,5.06727332484803,0.502177699529364,0.229511169671491,0.502530147763519,0.229020980250916
2014,"nec",71.6826732886137,3.69293737702204,71.9010276917785,4.66131676582676,105.374837164038,4.31112632192974,105.696872294713,5.78201179921833,0.494804952788854,0.21564762958322,0.494407912001791,0.218584455541818
2014,"ovc",75.2154694845775,6.04465904027673,75.421316004472,4.29151315995395,109.663155851411,6.34957105543357,109.964076478463,4.4352208132857,0.483457050514144,0.195510271980286,0.484798778049787,0.195736327191231
2014,"pac_twelve",70.3341583124478,5.46734741044002,70.5381683375104,4.86727686008324,103.835453587953,6.26410805657961,104.142812976396,5.98705775461916,0.494890927268413,0.227257534114173,0.495530247808153,0.230663084844556
2014,"patriot",65.7831578947368,4.31017653909444,65.9324937343358,5.00040045466487,103.069831681448,5.29775238865027,103.308097131257,5.62079562017122,0.495488033402637,0.212938399431014,0.494715341123206,0.212664778005821
2014,"sec",68.4059881847476,4.34605194076623,68.5053347654851,5.51972587545772,103.386880660889,4.97072745959477,103.550508414672,5.27304203781915,0.489126513813176,0.208669392332299,0.486068208508644,0.210328577410657
2014,"southern",70.1333614785627,5.29553188715576,70.237639553429,4.16420418058218,105.338348916219,7.50749565886173,105.494556383396,5.43928774026994,0.483209715244438,0.244033515048195,0.482240180445704,0.247199051977686
2014,"southland",72.7863856068743,5.37481172095177,73.1340016708438,5.28807298591091,106.104496729547,7.45691519782073,106.623741088517,4.18789253096416,0.483096505978539,0.242748120200458,0.479792900263044,0.244836511848389
2014,"summit",68.7595106792717,5.59039296088342,69.0073529411765,5.76526622361241,106.899219424652,7.58340869732855,107.283066898809,6.92962125373773,0.503508782441955,0.267400805264776,0.500639378001724,0.268737497488714
2014,"sun_belt",70.5175229741019,6.2707931149524,70.6802965747703,3.92544800041752,104.169632566307,6.57131154579029,104.427140292226,3.61400046032678,0.477755213543218,0.194488638633978,0.479348723510146,0.20017459710898
2014,"swac",68.2455035315562,3.57937009367054,68.2578468899521,5.02648181966538,100.361452284143,4.50796217948754,100.377395070737,6.21863510071323,0.499539080079863,0.21235033563907,0.498795895545032,0.210598692824586
2014,"wac",70.4817777013339,3.47829532930185,70.6189466039827,3.71300628505537,104.551009226504,5.78454188373868,104.75842640681,3.47664474207967,0.484239641097757,0.171334339554578,0.480656532964671,0.175310783155682
2014,"wcc",70.9033333333333,4.34407088589639,71.0540977443609,4.74942975113727,106.980947276919,3.9869714098332,107.208569628534,5.41064733318339,0.488032766445977,0.199887228293982,0.48833199716302,0.200640848535804
2015,"a_sun",70.1859068627451,4.61943615651335,70.5302696078431,5.28780735651524,106.544744272524,6.96664953728384,107.07907124486,6.68054853472981,0.489865985961244,0.288406279789841,0.488668087233481,0.29522748157269
2015,"a_ten",66.0048416495785,4.36966473599447,66.1250260391238,4.3640190040509,101.130931403385,6.32769923556692,101.313804890244,6.1763670153213,0.497949797620024,0.22046228297156,0.498079712957045,0.221035586625797
2015,"aac",62.5351415729406,3.63096793536466,62.6803972741772,5.20922801702659,100.103707809393,5.4283294725078,100.343032066799,6.93562928425454,0.500886798763408,0.269539275448729,0.499466526586682,0.269053208413249
2015,"acc",67.0252565757829,5.28924975777661,67.145554542923,5.44471557338674,104.277824624156,6.69128183143148,104.460348315205,6.55444074655049,0.493061043964145,0.224677035295157,0.491348484257046,0.227683763021178
2015,"aec",62.4684860298895,4.06443572804622,62.8402944998662,5.57811606118449,98.8419050679027,7.23183490020889,99.4399158857675,7.8236233092579,0.488231369002581,0.329878808735973,0.485657344475024,0.331388385421953
2015,"big_east",68.0430952380952,3.96193916999413,68.2122431077694,3.75842989566575,104.45339353506,5.86753109633726,104.714861657295,5.11652596919663,0.48414919211873,0.22468396007752,0.483834303063364,0.226009034809694
2015,"big_sky",71.5745335561125,4.28527450743664,71.8021755778335,3.88707473841111,108.061465182431,5.59394713521526,108.407094297903,3.69572806781872,0.490695797725057,0.167528570503709,0.489354556361841,0.168818733175846
2015,"big_south",70.0701640464798,4.85835477264014,70.1489177489178,2.95711697831933,106.201612020782,6.12394600368439,106.321833865084,3.79297583180921,0.49970763895279,0.21653426558913,0.500876330596585,0.217453756056875
2015,"big_ten",65.6065699964196,4.51137771207265,65.7313999283924,3.32822591442529,104.179829436656,8.25201495490814,104.388350580929,3.86855787140267,0.49333333773392,0.215560524953471,0.489385530323759,0.21429289754503
2015,"big_twelve",66.3467042606516,6.1938319156271,66.4975939849624,3.20063933671302,101.949778819843,6.19517274498885,102.184181360413,4.47167545871397,0.500996529137005,0.220513988805327,0.505941374236643,0.222170861919771
2015,"big_west",65.5582955891908,4.15131224484872,65.7888048006727,4.48942228844352,101.695498402836,5.43452605468289,102.047589568238,4.25134891257149,0.498412122845372,0.206672838468313,0.496662772337617,0.208268099186669
2015,"caa",67.4987593984962,6.09557733293847,67.6041353383459,2.99586109700591,104.763285091104,6.17717195670063,104.922784194606,2.72446356878566,0.48819330120714,0.182624897392652,0.492513119847355,0.183332016174315
2015,"cusa",66.5863422083347,3.92539796291257,66.768471232193,4.03630928614156,101.559676920074,5.02484457891043,101.84443152673,5.01410009130844,0.498161227240854,0.225991023866591,0.497412121842741,0.225671240019808
2015,"horizon",67.9506985055231,3.82732748838068,68.004001356878,5.97194503798061,104.388585062559,4.47330412629143,104.473175505401,6.67214519894045,0.502633892072488,0.241806777411167,0.500168438992095,0.241331096307564
2015,"ivy",63.3196428571429,3.97016851207267,63.4470238095238,4.81051881503869,101.137959755498,6.419080300498,101.348548532701,6.25665128090357,0.49912810898913,0.237453741931319,0.497512726178562,0.239892459924104
2015,"maac",66.6759748815085,5.02031446426848,66.7326797050117,3.95055686394798,100.923635002716,4.67989922777528,101.007956313511,4.76406400038208,0.496714344162086,0.171683115366527,0.499592086387858,0.17317493873464
2015,"mac",68.7791581225792,3.99887471129618,68.8858965595808,3.27983642668803,105.308425844982,4.68708117929597,105.47561266796,4.10216794059382,0.498122709460192,0.164127673851578,0.498935749580841,0.16713860197403
2015,"meac",65.8001885369532,6.68395099217456,66.0136249371543,6.5641485442446,99.9797686085502,7.81517053901984,100.301334138365,6.27527946643359,0.479750534699634,0.263811033319323,0.47751839817191,0.262462620712003
2015,"mvc",60.76835839599,4.83976825228126,60.9290726817043,4.60841764103804,100.458095973451,8.05391875104984,100.736214543235,6.54228708839879,0.471536230547195,0.291425855970488,0.46928673483972,0.293925835441484
2015,"mwc",63.1448469658996,5.59340918349797,63.4044277360067,5.23567294678749,100.952800117358,8.25582738731064,101.363145360923,6.82702211525799,0.515782540070226,0.276906255192809,0.513991664729247,0.276180920035048
2015,"nec",68.442589807853,4.16083259883427,68.6901754385965,5.1193187955058,102.237955174037,5.05168181555298,102.614811919428,5.06431077141309,0.495652963515038,0.21329261368539,0.493190175969055,0.216848576345898
2015,"ovc",68.1531808995528,6.30489588243719,68.4677574246073,2.80653549143722,103.464235872263,8.4735730989066,103.924926432324,3.53216281605096,0.484782760612291,0.245329986393692,0.48626365343896,0.24438554075784
2015,"pac_twelve",68.456015037594,4.96300877272126,68.628425229741,6.84481653668,103.365283614749,7.29035507506647,103.628278379695,7.80449568140828,0.467119061421845,0.260543575497877,0.463483741834643,0.260261602134806
2015,"patriot",66.7315413533835,3.93703464746985,66.7748621553885,3.60224302085136,105.670745252429,5.82410906394026,105.741953268094,3.04733694065444,0.49826658676313,0.122532411861159,0.496228829162292,0.123161263754156
2015,"sec",66.0443755492628,5.54879490803275,66.0702600657488,4.36835191340236,102.003046187386,6.26319976107478,102.049413885635,5.14755980682021,0.487836987514851,0.214524203196239,0.48958304111494,0.217240813719082
2015,"southern",69.4047357028936,4.140434847828,69.3871713374345,5.98740542752737,105.603000991454,3.92933916645958,105.576442831378,6.93615129017942,0.501438176110936,0.214493125647318,0.500650586651541,0.217143335320346
2015,"southland",71.6430499325236,7.18657980144438,71.8898335582546,6.09622349035767,104.318940995181,8.54515630486853,104.676376494131,6.47474410653388,0.483436526345395,0.254991327480484,0.484576937488317,0.256926428141202
2015,"summit",67.0072764973436,5.33537474532353,67.2295703856591,5.32397413786078,103.295988043978,6.41943395314712,103.635948836593,4.9227557978935,0.488957895056488,0.216281710929826,0.487033053108662,0.220600243528399
2015,"sun_belt",66.9725108225108,4.97666747232285,67.1332349468713,5.71183194673449,100.11599315865,5.72708726308554,100.350642108958,5.85522394773531,0.492242397791301,0.218071222925523,0.489905823412977,0.218283821209705
2015,"swac",66.4785881370092,5.28305980306666,66.6578529657477,5.28279816249758,98.8127959111822,6.78086763918542,99.078245005186,5.68486873708175,0.511555829465605,0.251138689581874,0.51041232265805,0.249181894485851
2015,"wac",61.9295474439776,4.92536571997015,62.0465379901961,4.37530553201421,102.730823261478,7.56484925498268,102.932201191001,7.00195796454027,0.479995416678012,0.249993840621242,0.480992641090315,0.252522284918192
2015,"wcc",66.6527318295739,6.95616688030007,66.8499248120301,4.61050117881367,105.112055416613,7.75447002955651,105.424985685235,6.93324198860389,0.474702111388673,0.259764137302182,0.478768040158385,0.259545227588519
2016,"a_sun",78.1833333333333,3.85416046879303,78.2603553921569,4.30758473337494,108.661408180264,4.96279948713675,108.780777109046,3.92631681171083,0.498851049445964,0.159145284882237,0.497131831655301,0.162571745202306
2016,"a_ten",72.7451843895453,5.48289546323508,72.8491138560687,4.47255521908347,104.692630802406,7.06298122133849,104.843204862383,5.34525228730792,0.495963106253182,0.241011001085514,0.495914996964032,0.247339920686874
2016,"aac",69.0372066529961,4.30562589037533,68.9646882357409,4.24964339480985,102.136940666797,7.24821569613074,102.019784754041,4.89150460749082,0.509728046282126,0.260322344596302,0.508046692113967,0.264097515209871
2016,"acc",70.9953801169591,5.20037340912114,71.1003759398496,5.35054254322634,106.372611374999,6.91621724305246,106.531014408969,4.93950664262155,0.511231727403714,0.203366335204852,0.5080001361722,0.202991837359136
2016,"aec",74.0065240033635,5.36176542194225,74.281862745098,9.31454755880084,104.533356773934,6.86544933340503,104.940309818739,8.29045275744838,0.486168934116214,0.293763127910757,0.478476720058433,0.297384019004181
2016,"big_east",73.7271679197995,4.32163742439739,73.9100877192982,4.50204108209388,103.446684950336,6.50167354289188,103.711509975446,5.13296748042148,0.506460114029571,0.242976482938919,0.50382400316456,0.242485831840967
2016,"big_sky",74.2447055137845,4.16694602082532,74.4483918128655,5.35418575203312,105.641785623422,5.78628235556585,105.935447412702,6.4490273821131,0.501305560643661,0.228752058162,0.500827450732294,0.232605679989723
2016,"big_south",71.8869902027797,4.27768541373111,71.9941444520392,3.26531914744183,104.940204532597,4.50258001534839,105.095175993313,4.65928483410316,0.493155080045657,0.190234002477585,0.495147937853927,0.192737645863274
2016,"big_ten",70.8364751163623,4.7025899255617,70.9611528822055,5.41560251337175,105.165243880032,8.01328004213399,105.343781799916,5.40533668755705,0.509500792812787,0.261918028381198,0.506122682434733,0.264859098897514
2016,"big_twelve",71.9103759398496,6.06682816290677,72.0198872180451,2.98495289208658,105.022436463663,6.76984026122355,105.179515393852,4.23470932351883,0.497910424166478,0.21962347358872,0.501346537300515,0.219726138297079
2016,"big_west",70.2155524978022,4.62871859960176,70.4991543400986,5.03833904971473,101.105366903125,5.32447509512057,101.514098961097,6.89146324380636,0.488537914936266,0.247124364607177,0.489690909914827,0.251146593800888
2016,"caa",70.5880200501253,5.92163661961205,70.6765162907268,4.66160383278795,103.972114301369,5.66645724649733,104.099607845401,5.54131518970436,0.503743922864186,0.197456653837875,0.50578819657909,0.198016250058684
2016,"cusa",75.7532394297432,6.10161129370637,75.8845034664584,5.62338590817931,106.988830262172,4.7344273973092,107.186041731023,4.38473910125824,0.496877163261013,0.191615914861164,0.496981698600581,0.191764600319207
2016,"horizon",75.7803349282297,8.20017894290948,75.938971291866,7.22539342690989,104.792540676126,9.57601209097449,105.026776125915,6.2602394487623,0.495990639371101,0.276658349577495,0.494635661393476,0.282454722879165
2016,"ivy",71.7857142857143,4.68606270481621,71.7857142857143,5.40610280348662,104.182324903039,7.76818687351846,104.182324903039,5.94355332185331,0.484460930094888,0.283336093478321,0.479942814729664,0.289901823646078
2016,"maac",71.7425525725921,6.22286223199345,71.9064900843557,4.28749036849792,102.456308786783,6.18891232880302,102.689559058578,5.89309338950917,0.484079355578278,0.221947590832991,0.487269641046176,0.223603188333429
2016,"mac",72.8047201336675,4.63798570212752,72.8041875522139,2.81659480370754,105.425284180251,5.02792562139408,105.423810022466,2.5501044678664,0.499232000283175,0.147822249277145,0.500285668736642,0.147837421041819
2016,"meac",70.1642553782647,4.88011244764661,70.3149675187214,3.46931797798462,100.641467806077,6.36489198936789,100.856826287991,3.49507206497773,0.491430634248299,0.180282408634306,0.491129675742664,0.181629708774655
2016,"mvc",66.2301127819549,5.09673329817251,66.3939097744361,5.63072825087358,98.7451420842572,7.69637463215715,98.9984623122144,6.95941932695783,0.490082069825549,0.284903578085943,0.488749428402423,0.287015313492619
2016,"mwc",72.4817384370016,4.36521296901212,72.5961038961039,4.61552392512819,102.938363800595,5.24385191483012,103.106707034928,6.04301777007458,0.496284790661036,0.188491579747025,0.496474403496381,0.187403266709807
2016,"nec",70.9570467836257,5.24475180879429,71.1830827067669,5.86061723974107,101.89901145162,5.64443263457294,102.236880552088,6.75711215263548,0.497221676630424,0.193947097028,0.496569682286652,0.196219664979005
2016,"ovc",73.3780773420479,5.46159271998357,73.5486519607843,3.95812755991435,106.707534047031,6.44488403622149,106.964035449748,3.26733340185867,0.498132553342392,0.189838245156624,0.497630506379596,0.193134405413613
2016,"pac_twelve",74.7829051796157,5.47934749753259,74.9572263993317,5.24134234386698,105.272991293649,6.1134877575032,105.52080796818,4.48980965216776,0.501483059664897,0.215411523645512,0.500579106526227,0.214738605658814
2016,"patriot",70.080956937799,5.11270366366169,70.0633663704716,3.68429303617668,103.264621417313,4.77328840347752,103.237192088598,4.08702632489764,0.493896750117614,0.193776371374399,0.497024500000049,0.19498805600448
2016,"sec",72.6262650674305,3.9341790181975,72.7734037474639,3.61917425303828,103.888749739924,6.32139821672362,104.101362745305,3.85287137962423,0.495927185296101,0.200170548177922,0.493483572096749,0.202609668691737
2016,"southern",74.5631077694236,3.37130439763914,74.710350877193,7.10099662855882,106.878469005906,4.74349980675386,107.083062534737,4.99546734088127,0.50785587725155,0.207633064747954,0.501573172254872,0.208145516156496
2016,"southland",75.2102564102564,3.97469939974038,75.4080071974809,6.56572727137938,105.188397390507,6.03653251826552,105.471292006016,6.52249377180457,0.466396558687193,0.206664692444094,0.461293378863247,0.206898162053444
2016,"summit",73.0447315865918,6.48726432684845,73.2102014294997,5.92852953768858,105.903839141933,5.45281955655141,106.149826635233,3.87632510414956,0.491869196283267,0.153519300470347,0.491765893500121,0.155343191505494
2016,"sun_belt",71.0594451003542,4.80639177037692,71.2288075560803,4.58711390250149,102.822326035922,5.62997012624352,103.068628122887,4.32877736890595,0.490111876389753,0.227987570679452,0.488891807075822,0.229416687093117
2016,"swac",67.4723308270677,4.91377140307015,67.5472431077694,3.07658864788225,99.8124552648517,6.38051359652988,99.9277108038195,3.96139203960346,0.487227412295608,0.204055367814208,0.487840055067796,0.204264984457751
2016,"wac",69.9721857492997,6.15410728424238,70.1932860644258,6.91882073610469,101.961974296911,7.16028857942897,102.285914023799,9.09889444048537,0.496981470078441,0.316415712447195,0.498505998879923,0.314318825745456
2016,"wcc",73.8954636591479,7.20125157725249,74.2063784461153,6.47876830938895,107.314478454975,9.27448236046603,107.78284530954,6.27759703925061,0.471179133375868,0.290648281571981,0.468526454169311,0.293015327874811
